|===============================================================================
|
|  DFTB+ development version (commit: a23bfb2)
|
|  Copyright (C) 2006 - 2025  DFTB+ developers group
|
|===============================================================================
|
|  When publishing results obtained with DFTB+, please cite the following
|  reference:
|
|    Recent Developments in DFTB+, a Software Package for Efficient Atomistic
|    Quantum Mechanical Simulations, J. Phys. Chem. A 129, 5373−5390 (2025).
|    [https://doi.org/10.1021/acs.jpca.5c01146]
|
|  You should also cite additional publications crediting the parametrization
|  data you use. Please consult the documentation of the SK-files for the
|  references.
|
|===============================================================================

Reading input file 'dftb_in.hsd'
Parser version: 14

--------------------------------------------------------------------------------
Reading SK-files:
./skf/O-O.skf
./skf/O-H.skf
./skf/H-H.skf
Done.


Processed input in HSD format written to 'dftb_pin.hsd'

Starting initialization...
--------------------------------------------------------------------------------
OpenMP threads:              4
Chosen random seed:          703720333
Current stacksize:           8 [Mb] (recommended: unlimited)
WARNING!
-> Current stacksize not set to unlimited or hard limit, which might cause
   random crashes (e.g. segmentation faults). It is advised to unlimit the
   stacksize by issuing 'ulimit -s unlimited' (Linux) or setting it to the 
   hard limit by 'ulimit -s hard' (Mac) in advance.
Mode:                        MD with scaling of velocities according to temperature
                             (a.k.a. 'not' NVT ensemble using Berendsen thermostating)
Self consistent charges:     Yes
SCC-tolerance:                 0.100000E-04
Max. scc iterations:                    100
Shell resolved Hubbard:      No
Spin polarisation:           No
Nr. of up electrons:             4.000000
Nr. of down electrons:           4.000000
Periodic boundaries:         No
Electronic solver:           Relatively robust
Mixer:                       Broyden mixer
Mixing parameter:                  0.200000
Nr. of chrg. vec. in memory:            100
Max. SCC-cycles:                        100
Electronic temperature:              0.100000E-07 H      0.272114E-06 eV
Time step:                     0.206707E+02
Initial charges:             Set automatically (system chrg:   0.000E+00)
Included shells:             O:  s, p
                             H:  s
Extra options:
                             Mulliken analysis
Force type                   original

--------------------------------------------------------------------------------

***  Geometry step: 0

 iSCC Total electronic   Diff electronic      SCC error    
    1   -0.39511797E+01    0.00000000E+00    0.88081627E+00
    2   -0.39705438E+01   -0.39511797E+01    0.55742893E+00
    3   -0.39841371E+01   -0.19364070E-01    0.32497352E-01
    4   -0.39841854E+01   -0.13593374E-01    0.19288772E-02
    5   -0.39841856E+01   -0.48242063E-04    0.87062163E-05

Total Energy:                       -3.9798793068 H         -108.2980 eV
Extrapolated to 0K:                 -3.9798793068 H         -108.2980 eV
Total Mermin free energy:           -3.9798793068 H         -108.2980 eV
Force related energy:               -3.9798793068 H         -108.2980 eV

>> Charges saved for restart in charges.bin
 TempProfile:           2   9.5004460357391702E-004
MD Temperature:                      0.0009500446 H          300.0000 K
MD Kinetic Energy:                   0.0028501338 H            0.0776 eV
Total MD Energy:                    -3.9770291730 H         -108.2205 eV

--------------------------------------------------------------------------------

***  Geometry step: 1

 iSCC Total electronic   Diff electronic      SCC error    
    1   -0.39866279E+01    0.00000000E+00    0.66345677E-02
    2   -0.39866292E+01   -0.24423344E-02    0.44718899E-02
    3   -0.39866300E+01   -0.12689396E-05    0.82670700E-03
    4   -0.39866300E+01   -0.83049454E-06    0.48365063E-05

Total Energy:                       -3.9821745709 H         -108.3605 eV
Extrapolated to 0K:                 -3.9821745709 H         -108.3605 eV
Total Mermin free energy:           -3.9821745709 H         -108.3605 eV
Force related energy:               -3.9821745709 H         -108.3605 eV

 TempProfile:           3   9.5004460357391702E-004
MD Temperature:                      0.0017125619 H          540.7836 K
MD Kinetic Energy:                   0.0051376858 H            0.1398 eV
Total MD Energy:                    -3.9770368851 H         -108.2207 eV

--------------------------------------------------------------------------------

***  Geometry step: 2

 iSCC Total electronic   Diff electronic      SCC error    
    1   -0.39946538E+01    0.00000000E+00    0.16902459E-01
    2   -0.39946613E+01   -0.80237797E-02    0.10453046E-01
    3   -0.39946661E+01   -0.75398286E-05    0.91866731E-03
    4   -0.39946661E+01   -0.47252646E-05    0.55413776E-04
    5   -0.39946661E+01   -0.25124414E-07    0.10025482E-07

Total Energy:                       -3.9896007084 H         -108.5626 eV
Extrapolated to 0K:                 -3.9896007084 H         -108.5626 eV
Total Mermin free energy:           -3.9896007084 H         -108.5626 eV
Force related energy:               -3.9896007084 H         -108.5626 eV

 TempProfile:           4   9.5004460357391702E-004
MD Temperature:                      0.0041708611 H         1317.0522 K
MD Kinetic Energy:                   0.0125125834 H            0.3405 eV
Total MD Energy:                    -3.9770881249 H         -108.2221 eV

--------------------------------------------------------------------------------

***  Geometry step: 3

 iSCC Total electronic   Diff electronic      SCC error    
    1   -0.40085555E+01    0.00000000E+00    0.26142505E-01
    2   -0.40085711E+01   -0.13889462E-01    0.16638700E-01
    3   -0.40085818E+01   -0.15590473E-04    0.95822438E-03
    4   -0.40085818E+01   -0.10617122E-04    0.12665989E-03
    5   -0.40085818E+01   -0.25749505E-07    0.30582263E-07

Total Energy:                       -4.0018507276 H         -108.8959 eV
Extrapolated to 0K:                 -4.0018507276 H         -108.8959 eV
Total Mermin free energy:           -4.0018507276 H         -108.8959 eV
Force related energy:               -4.0018507276 H         -108.8959 eV

 TempProfile:           5   9.5004460357391702E-004
MD Temperature:                      0.0082084150 H         2592.0094 K
MD Kinetic Energy:                   0.0246252451 H            0.6701 eV
Total MD Energy:                    -3.9772254825 H         -108.2258 eV

--------------------------------------------------------------------------------

***  Geometry step: 4

 iSCC Total electronic   Diff electronic      SCC error    
    1   -0.40288678E+01    0.00000000E+00    0.32906603E-01
    2   -0.40288881E+01   -0.20285981E-01    0.21682329E-01
    3   -0.40289037E+01   -0.20353179E-04    0.93294760E-03
    4   -0.40289037E+01   -0.15556709E-04    0.20268825E-03
    5   -0.40289037E+01   -0.21583900E-07    0.47582628E-07

Total Energy:                       -4.0181514938 H         -109.3395 eV
Extrapolated to 0K:                 -4.0181514938 H         -109.3395 eV
Total Mermin free energy:           -4.0181514938 H         -109.3395 eV
Force related energy:               -4.0181514938 H         -109.3395 eV

 TempProfile:           6   9.5004460357391702E-004
MD Temperature:                      0.0135466397 H         4277.6854 K
MD Kinetic Energy:                   0.0406399190 H            1.1059 eV
Total MD Energy:                    -3.9775115748 H         -108.2336 eV

--------------------------------------------------------------------------------

***  Geometry step: 5

 iSCC Total electronic   Diff electronic      SCC error    
    1   -0.40563530E+01    0.00000000E+00    0.35948649E-01
    2   -0.40563719E+01   -0.27449299E-01    0.24559457E-01
    3   -0.40563884E+01   -0.18927055E-04    0.77663230E-03
    4   -0.40563884E+01   -0.16475240E-04    0.26134020E-03
    5   -0.40563884E+01   -0.12328548E-07    0.42360049E-07

Total Energy:                       -4.0366935847 H         -109.8440 eV
Extrapolated to 0K:                 -4.0366935847 H         -109.8440 eV
Total Mermin free energy:           -4.0366935847 H         -109.8440 eV
Force related energy:               -4.0366935847 H         -109.8440 eV

 TempProfile:           7   9.5004460357391702E-004
MD Temperature:                      0.0195550731 H         6174.9963 K
MD Kinetic Energy:                   0.0586652194 H            1.5964 eV
Total MD Energy:                    -3.9780283652 H         -108.2477 eV

--------------------------------------------------------------------------------

***  Geometry step: 6

 iSCC Total electronic   Diff electronic      SCC error    
    1   -0.40917249E+01    0.00000000E+00    0.34257545E-01
    2   -0.40917376E+01   -0.35336512E-01    0.24209169E-01
    3   -0.40917503E+01   -0.12716154E-04    0.49777448E-03
    4   -0.40917503E+01   -0.12619822E-04    0.25710278E-03
    5   -0.40917503E+01   -0.33747058E-08    0.20663617E-07

Total Energy:                       -4.0537500769 H         -110.3082 eV
Extrapolated to 0K:                 -4.0537500769 H         -110.3082 eV
Total Mermin free energy:           -4.0537500769 H         -110.3082 eV
Force related energy:               -4.0537500769 H         -110.3082 eV

 TempProfile:           8   9.5004460357391702E-004
MD Temperature:                      0.0249684613 H         7884.4071 K
MD Kinetic Energy:                   0.0749053839 H            2.0383 eV
Total MD Energy:                    -3.9788446930 H         -108.2699 eV

--------------------------------------------------------------------------------

***  Geometry step: 7

 iSCC Total electronic   Diff electronic      SCC error    
    1   -0.41347283E+01    0.00000000E+00    0.27973978E-01
    2   -0.41347344E+01   -0.42978057E-01    0.20343431E-01
    3   -0.41347412E+01   -0.60598264E-05    0.15747879E-03
    4   -0.41347412E+01   -0.67862001E-05    0.11567409E-03
    5   -0.41347412E+01   -0.16653701E-09    0.48151803E-08

Total Energy:                       -4.0630549956 H         -110.5614 eV
Extrapolated to 0K:                 -4.0630549956 H         -110.5614 eV
Total Mermin free energy:           -4.0630549956 H         -110.5614 eV
Force related energy:               -4.0630549956 H         -110.5614 eV

 TempProfile:           9   9.5004460357391702E-004
MD Temperature:                      0.0277395713 H         8759.4534 K
MD Kinetic Energy:                   0.0832187140 H            2.2645 eV
Total MD Energy:                    -3.9798362816 H         -108.2969 eV

--------------------------------------------------------------------------------

***  Geometry step: 8

 iSCC Total electronic   Diff electronic      SCC error    
    1   -0.41821751E+01    0.00000000E+00    0.19070397E-01
    2   -0.41821772E+01   -0.47433968E-01    0.14177238E-01
    3   -0.41821797E+01   -0.20305817E-05    0.10573895E-03
    4   -0.41821797E+01   -0.25194060E-05    0.77440970E-04
    5   -0.41821797E+01   -0.49510618E-10    0.51380855E-09

Total Energy:                       -4.0579515433 H         -110.4225 eV
Extrapolated to 0K:                 -4.0579515433 H         -110.4225 eV
Total Mermin free energy:           -4.0579515433 H         -110.4225 eV
Force related energy:               -4.0579515433 H         -110.4225 eV

 TempProfile:          10   9.5004460357391702E-004
MD Temperature:                      0.0258538846 H         8164.0013 K
MD Kinetic Energy:                   0.0775616537 H            2.1106 eV
Total MD Energy:                    -3.9803898896 H         -108.3119 eV

--------------------------------------------------------------------------------

***  Geometry step: 9

 iSCC Total electronic   Diff electronic      SCC error    
    1   -0.42255684E+01    0.00000000E+00    0.10784607E-01
    2   -0.42255690E+01   -0.43388746E-01    0.81407508E-02
    3   -0.42255697E+01   -0.52085323E-06    0.20205567E-03
    4   -0.42255697E+01   -0.70192536E-06    0.10811903E-03
    5   -0.42255697E+01   -0.22542412E-09    0.66428640E-10

Total Energy:                       -4.0395073684 H         -109.9206 eV
Extrapolated to 0K:                 -4.0395073684 H         -109.9206 eV
Total Mermin free energy:           -4.0395073684 H         -109.9206 eV
Force related energy:               -4.0395073684 H         -109.9206 eV

 TempProfile:          11   9.5004460357391702E-004
MD Temperature:                      0.0199103479 H         6287.1831 K
MD Kinetic Energy:                   0.0597310438 H            1.6254 eV
Total MD Energy:                    -3.9797763246 H         -108.2952 eV

--------------------------------------------------------------------------------

***  Geometry step: 10

 iSCC Total electronic   Diff electronic      SCC error    
    1   -0.42517900E+01    0.00000000E+00    0.67265076E-02
    2   -0.42517902E+01   -0.26220385E-01    0.51802093E-02
    3   -0.42517904E+01   -0.15718300E-06    0.15547298E-03
    4   -0.42517904E+01   -0.22608272E-06    0.49378299E-04
    5   -0.42517904E+01   -0.16190338E-09    0.25069280E-10

Total Energy:                       -4.0232050113 H         -109.4770 eV
Extrapolated to 0K:                 -4.0232050113 H         -109.4770 eV
Total Mermin free energy:           -4.0232050113 H         -109.4770 eV
Force related energy:               -4.0232050113 H         -109.4770 eV

>> Charges saved for restart in charges.bin
 TempProfile:          12   9.5004460357391702E-004
MD Temperature:                      0.0147912111 H         4670.6895 K
MD Kinetic Energy:                   0.0443736333 H            1.2075 eV
Total MD Energy:                    -3.9788313781 H         -108.2695 eV

--------------------------------------------------------------------------------

***  Geometry step: 11

 iSCC Total electronic   Diff electronic      SCC error    
    1   -0.42504108E+01    0.00000000E+00    0.58981136E-02
    2   -0.42504109E+01    0.13796102E-02    0.45565476E-02
    3   -0.42504111E+01   -0.10645521E-06    0.10389232E-03
    4   -0.42504111E+01   -0.15645833E-06    0.37369300E-04
    5   -0.42504111E+01   -0.82750695E-10    0.16672441E-10

Total Energy:                       -4.0263596303 H         -109.5628 eV
Extrapolated to 0K:                 -4.0263596303 H         -109.5628 eV
Total Mermin free energy:           -4.0263596303 H         -109.5628 eV
Force related energy:               -4.0263596303 H         -109.5628 eV

 TempProfile:          13   9.5004460357391702E-004
MD Temperature:                      0.0157450769 H         4971.8961 K
MD Kinetic Energy:                   0.0472352307 H            1.2853 eV
Total MD Energy:                    -3.9791243996 H         -108.2775 eV

--------------------------------------------------------------------------------

***  Geometry step: 12

 iSCC Total electronic   Diff electronic      SCC error    
    1   -0.42224235E+01    0.00000000E+00    0.67048320E-02
    2   -0.42224237E+01    0.27987540E-01    0.51212019E-02
    3   -0.42224239E+01   -0.14367350E-06    0.12039362E-03
    4   -0.42224239E+01   -0.20459405E-06    0.48131327E-04
    5   -0.42224239E+01   -0.14662849E-09    0.38069992E-10

Total Energy:                       -4.0474423844 H         -110.1365 eV
Extrapolated to 0K:                 -4.0474423844 H         -110.1365 eV
Total Mermin free energy:           -4.0474423844 H         -110.1365 eV
Force related energy:               -4.0474423844 H         -110.1365 eV

 TempProfile:          14   9.5004460357391702E-004
MD Temperature:                      0.0222229734 H         7017.4516 K
MD Kinetic Energy:                   0.0666689203 H            1.8142 eV
Total MD Energy:                    -3.9807734641 H         -108.3224 eV

--------------------------------------------------------------------------------

***  Geometry step: 13

 iSCC Total electronic   Diff electronic      SCC error    
    1   -0.41792004E+01    0.00000000E+00    0.74203935E-02
    2   -0.41792006E+01    0.43223521E-01    0.56083491E-02
    3   -0.41792008E+01   -0.19801796E-06    0.12623398E-03
    4   -0.41792008E+01   -0.26520683E-06    0.47017718E-04
    5   -0.41792008E+01   -0.24165825E-09    0.74613205E-10

Total Energy:                       -4.0664791340 H         -110.6545 eV
Extrapolated to 0K:                 -4.0664791340 H         -110.6545 eV
Total Mermin free energy:           -4.0664791340 H         -110.6545 eV
Force related energy:               -4.0664791340 H         -110.6545 eV

 TempProfile:          15   9.5004460357391702E-004
MD Temperature:                      0.0281599338 H         8892.1932 K
MD Kinetic Energy:                   0.0844798013 H            2.2988 eV
Total MD Energy:                    -3.9819993327 H         -108.3557 eV

--------------------------------------------------------------------------------

***  Geometry step: 14

 iSCC Total electronic   Diff electronic      SCC error    
    1   -0.41331631E+01    0.00000000E+00    0.46674343E-02
    2   -0.41331632E+01    0.46037750E-01    0.34744397E-02
    3   -0.41331633E+01   -0.10546068E-06    0.68268766E-04
    4   -0.41331633E+01   -0.13078249E-06    0.13717673E-04
    5   -0.41331633E+01   -0.11456081E-09    0.27274183E-10

Total Energy:                       -4.0692403323 H         -110.7297 eV
Extrapolated to 0K:                 -4.0692403323 H         -110.7297 eV
Total Mermin free energy:           -4.0692403323 H         -110.7297 eV
Force related energy:               -4.0692403323 H         -110.7297 eV

 TempProfile:          16   9.5004460357391702E-004
MD Temperature:                      0.0290407544 H         9170.3340 K
MD Kinetic Energy:                   0.0871222633 H            2.3707 eV
Total MD Energy:                    -3.9821180689 H         -108.3589 eV

--------------------------------------------------------------------------------

***  Geometry step: 15

 iSCC Total electronic   Diff electronic      SCC error    
    1   -0.40916710E+01    0.00000000E+00    0.11977438E-02
    2   -0.40916710E+01    0.41492339E-01    0.89397377E-03
    3   -0.40916710E+01   -0.12058542E-07    0.17876876E-04
    4   -0.40916710E+01   -0.15160314E-07    0.33530902E-06

Total Energy:                       -4.0574965484 H         -110.4101 eV
Extrapolated to 0K:                 -4.0574965484 H         -110.4101 eV
Total Mermin free energy:           -4.0574965484 H         -110.4101 eV
Force related energy:               -4.0574965484 H         -110.4101 eV

 TempProfile:          17   9.5004460357391702E-004
MD Temperature:                      0.0252091293 H         7960.4039 K
MD Kinetic Energy:                   0.0756273879 H            2.0579 eV
Total MD Energy:                    -3.9818691605 H         -108.3522 eV

--------------------------------------------------------------------------------

***  Geometry step: 16

 iSCC Total electronic   Diff electronic      SCC error    
    1   -0.40575091E+01    0.00000000E+00    0.68069169E-02
    2   -0.40575095E+01    0.34161948E-01    0.48976118E-02
    3   -0.40575100E+01   -0.43364933E-06    0.13318416E-03
    4   -0.40575100E+01   -0.47393994E-06    0.27957738E-04
    5   -0.40575100E+01   -0.60263528E-09    0.14084489E-09

Total Energy:                       -4.0390819030 H         -109.9090 eV
Extrapolated to 0K:                 -4.0390819030 H         -109.9090 eV
Total Mermin free energy:           -4.0390819030 H         -109.9090 eV
Force related energy:               -4.0390819030 H         -109.9090 eV

 TempProfile:          18   9.5004460357391702E-004
MD Temperature:                      0.0191221114 H         6038.2780 K
MD Kinetic Energy:                   0.0573663343 H            1.5610 eV
Total MD Energy:                    -3.9817155687 H         -108.3480 eV

--------------------------------------------------------------------------------

***  Geometry step: 17

 iSCC Total electronic   Diff electronic      SCC error    
    1   -0.40311317E+01    0.00000000E+00    0.10435244E-01
    2   -0.40311330E+01    0.26378286E-01    0.73494706E-02
    3   -0.40311343E+01   -0.12979167E-05    0.17953257E-03
    4   -0.40311343E+01   -0.13002092E-05    0.65000361E-04
    5   -0.40311343E+01   -0.11745813E-08    0.98467023E-09

Total Energy:                       -4.0203228363 H         -109.3986 eV
Extrapolated to 0K:                 -4.0203228363 H         -109.3986 eV
Total Mermin free energy:           -4.0203228363 H         -109.3986 eV
Force related energy:               -4.0203228363 H         -109.3986 eV

 TempProfile:          19   9.5004460357391702E-004
MD Temperature:                      0.0128834815 H         4068.2768 K
MD Kinetic Energy:                   0.0386504445 H            1.0517 eV
Total MD Energy:                    -3.9816723917 H         -108.3468 eV

--------------------------------------------------------------------------------

***  Geometry step: 18

 iSCC Total electronic   Diff electronic      SCC error    
    1   -0.40121833E+01    0.00000000E+00    0.10595823E-01
    2   -0.40121850E+01    0.18951004E-01    0.73148790E-02
    3   -0.40121866E+01   -0.17134050E-05    0.17722799E-03
    4   -0.40121866E+01   -0.15946815E-05    0.63884674E-04
    5   -0.40121866E+01   -0.12295169E-08    0.19519290E-08

Total Energy:                       -4.0048139979 H         -108.9765 eV
Extrapolated to 0K:                 -4.0048139979 H         -108.9765 eV
Total Mermin free energy:           -4.0048139979 H         -108.9765 eV
Force related energy:               -4.0048139979 H         -108.9765 eV

 TempProfile:          20   9.5004460357391702E-004
MD Temperature:                      0.0077093612 H         2434.4208 K
MD Kinetic Energy:                   0.0231280836 H            0.6293 eV
Total MD Energy:                    -3.9816859142 H         -108.3472 eV

--------------------------------------------------------------------------------

***  Geometry step: 19

 iSCC Total electronic   Diff electronic      SCC error    
    1   -0.40001851E+01    0.00000000E+00    0.73940017E-02
    2   -0.40001863E+01    0.12001519E-01    0.50145206E-02
    3   -0.40001873E+01   -0.11987000E-05    0.17300176E-03
    4   -0.40001873E+01   -0.10645155E-05    0.28727688E-04
    5   -0.40001873E+01   -0.12420225E-08    0.14876981E-08

Total Energy:                       -3.9942064149 H         -108.6879 eV
Extrapolated to 0K:                 -3.9942064149 H         -108.6879 eV
Total Mermin free energy:           -3.9942064149 H         -108.6879 eV
Force related energy:               -3.9942064149 H         -108.6879 eV

 TempProfile:          21   9.5004460357391702E-004
MD Temperature:                      0.0041669998 H         1315.8329 K
MD Kinetic Energy:                   0.0125009994 H            0.3402 eV
Total MD Energy:                    -3.9817054155 H         -108.3477 eV

--------------------------------------------------------------------------------

***  Geometry step: 20

 iSCC Total electronic   Diff electronic      SCC error    
    1   -0.39947829E+01    0.00000000E+00    0.43502334E-02
    2   -0.39947834E+01    0.54044170E-02    0.29965466E-02
    3   -0.39947838E+01   -0.46612384E-06    0.14917020E-03
    4   -0.39947838E+01   -0.43010040E-06    0.38823308E-05

Total Energy:                       -3.9891462008 H         -108.5502 eV
Extrapolated to 0K:                 -3.9891462008 H         -108.5502 eV
Total Mermin free energy:           -3.9891462008 H         -108.5502 eV
Force related energy:               -3.9891462008 H         -108.5502 eV

>> Charges saved for restart in charges.bin
 TempProfile:          22   9.5004460357391702E-004
MD Temperature:                      0.0024748176 H          781.4847 K
MD Kinetic Energy:                   0.0074244529 H            0.2020 eV
Total MD Energy:                    -3.9817217479 H         -108.3482 eV

--------------------------------------------------------------------------------

***  Geometry step: 21

 iSCC Total electronic   Diff electronic      SCC error    
    1   -0.39958151E+01    0.00000000E+00    0.54586960E-02
    2   -0.39958157E+01   -0.10313133E-02    0.38360600E-02
    3   -0.39958162E+01   -0.55205108E-06    0.12624568E-03
    4   -0.39958162E+01   -0.53556666E-06    0.95935522E-05

Total Energy:                       -3.9898078339 H         -108.5682 eV
Extrapolated to 0K:                 -3.9898078339 H         -108.5682 eV
Total Mermin free energy:           -3.9898078339 H         -108.5682 eV
Force related energy:               -3.9898078339 H         -108.5682 eV

 TempProfile:          23   9.5004460357391702E-004
MD Temperature:                      0.0026862955 H          848.2640 K
MD Kinetic Energy:                   0.0080588864 H            0.2193 eV
Total MD Energy:                    -3.9817489474 H         -108.3489 eV

--------------------------------------------------------------------------------

***  Geometry step: 22

 iSCC Total electronic   Diff electronic      SCC error    
    1   -0.40033359E+01    0.00000000E+00    0.10568009E-01
    2   -0.40033374E+01   -0.75196543E-02    0.73066804E-02
    3   -0.40033388E+01   -0.14977581E-05    0.29520106E-03
    4   -0.40033388E+01   -0.14031303E-05    0.43773036E-04
    5   -0.40033388E+01   -0.44977870E-08    0.22936266E-08

Total Energy:                       -3.9960875698 H         -108.7391 eV
Extrapolated to 0K:                 -3.9960875698 H         -108.7391 eV
Total Mermin free energy:           -3.9960875698 H         -108.7391 eV
Force related energy:               -3.9960875698 H         -108.7391 eV

 TempProfile:          24   9.5004460357391702E-004
MD Temperature:                      0.0047562358 H         1501.8987 K
MD Kinetic Energy:                   0.0142687073 H            0.3883 eV
Total MD Energy:                    -3.9818188625 H         -108.3508 eV

--------------------------------------------------------------------------------

***  Geometry step: 23

 iSCC Total electronic   Diff electronic      SCC error    
    1   -0.40176067E+01    0.00000000E+00    0.14391221E-01
    2   -0.40176090E+01   -0.14267939E-01    0.10073195E-01
    3   -0.40176112E+01   -0.22990851E-05    0.37344275E-03
    4   -0.40176112E+01   -0.22110090E-05    0.68303627E-04
    5   -0.40176112E+01   -0.72329271E-08    0.40655790E-08

Total Energy:                       -4.0075497145 H         -109.0510 eV
Extrapolated to 0K:                 -4.0075497145 H         -109.0510 eV
Total Mermin free energy:           -4.0075497145 H         -109.0510 eV
Force related energy:               -4.0075497145 H         -109.0510 eV

 TempProfile:          25   9.5004460357391702E-004
MD Temperature:                      0.0085220761 H         2691.0556 K
MD Kinetic Energy:                   0.0255662284 H            0.6957 eV
Total MD Energy:                    -3.9819834860 H         -108.3553 eV

--------------------------------------------------------------------------------

***  Geometry step: 24

 iSCC Total electronic   Diff electronic      SCC error    
    1   -0.40390411E+01    0.00000000E+00    0.15036402E-01
    2   -0.40390432E+01   -0.21429880E-01    0.10701158E-01
    3   -0.40390453E+01   -0.20990211E-05    0.35875875E-03
    4   -0.40390453E+01   -0.21287483E-05    0.84046013E-04
    5   -0.40390453E+01   -0.61718719E-08    0.34048266E-08

Total Energy:                       -4.0230989437 H         -109.4741 eV
Extrapolated to 0K:                 -4.0230989437 H         -109.4741 eV
Total Mermin free energy:           -4.0230989437 H         -109.4741 eV
Force related energy:               -4.0230989437 H         -109.4741 eV

 TempProfile:          26   9.5004460357391702E-004
MD Temperature:                      0.0135971875 H         4293.6471 K
MD Kinetic Energy:                   0.0407915626 H            1.1100 eV
Total MD Energy:                    -3.9823073811 H         -108.3641 eV

--------------------------------------------------------------------------------

***  Geometry step: 25

 iSCC Total electronic   Diff electronic      SCC error    
    1   -0.40680359E+01    0.00000000E+00    0.12097989E-01
    2   -0.40680371E+01   -0.28990583E-01    0.87572697E-02
    3   -0.40680383E+01   -0.11342350E-05    0.26017043E-03
    4   -0.40680383E+01   -0.12229754E-05    0.82025995E-04
    5   -0.40680383E+01   -0.23087656E-08    0.13486883E-08

Total Energy:                       -4.0404342332 H         -109.9458 eV
Extrapolated to 0K:                 -4.0404342332 H         -109.9458 eV
Total Mermin free energy:           -4.0404342332 H         -109.9458 eV
Force related energy:               -4.0404342332 H         -109.9458 eV

 TempProfile:          27   9.5004460357391702E-004
MD Temperature:                      0.0191944782 H         6061.1296 K
MD Kinetic Energy:                   0.0575834345 H            1.5669 eV
Total MD Energy:                    -3.9828507987 H         -108.3789 eV

--------------------------------------------------------------------------------

***  Geometry step: 26

 iSCC Total electronic   Diff electronic      SCC error    
    1   -0.41045617E+01    0.00000000E+00    0.62338094E-02
    2   -0.41045620E+01   -0.36523429E-01    0.45697563E-02
    3   -0.41045624E+01   -0.29907025E-06    0.63507440E-04
    4   -0.41045624E+01   -0.34214621E-06    0.29769842E-04
    5   -0.41045624E+01   -0.74479090E-10    0.11997070E-09

Total Energy:                       -4.0554541411 H         -110.3545 eV
Extrapolated to 0K:                 -4.0554541411 H         -110.3545 eV
Total Mermin free energy:           -4.0554541411 H         -110.3545 eV
Force related energy:               -4.0554541411 H         -110.3545 eV

 TempProfile:          28   9.5004460357391702E-004
MD Temperature:                      0.0239394267 H         7559.4640 K
MD Kinetic Energy:                   0.0718182800 H            1.9543 eV
Total MD Energy:                    -3.9836358612 H         -108.4002 eV

--------------------------------------------------------------------------------

***  Geometry step: 27

 iSCC Total electronic   Diff electronic      SCC error    
    1   -0.41472673E+01    0.00000000E+00    0.27220587E-02
    2   -0.41472674E+01   -0.42704981E-01    0.20834863E-02
    3   -0.41472675E+01   -0.56648463E-07    0.92300114E-04
    4   -0.41472675E+01   -0.77002318E-07    0.17534584E-05

Total Energy:                       -4.0623784911 H         -110.5429 eV
Extrapolated to 0K:                 -4.0623784911 H         -110.5429 eV
Total Mermin free energy:           -4.0623784911 H         -110.5429 eV
Force related energy:               -4.0623784911 H         -110.5429 eV

 TempProfile:          29   9.5004460357391702E-004
MD Temperature:                      0.0259816143 H         8204.3351 K
MD Kinetic Energy:                   0.0779448430 H            2.1210 eV
Total MD Energy:                    -3.9844336480 H         -108.4220 eV

--------------------------------------------------------------------------------

***  Geometry step: 28

 iSCC Total electronic   Diff electronic      SCC error    
    1   -0.41920493E+01    0.00000000E+00    0.66123229E-02
    2   -0.41920495E+01   -0.44781869E-01    0.50501462E-02
    3   -0.41920497E+01   -0.16494363E-06    0.89602547E-04
    4   -0.41920497E+01   -0.23510709E-06    0.45271956E-04
    5   -0.41920497E+01   -0.90985885E-10    0.39091286E-10

Total Energy:                       -4.0567843044 H         -110.3907 eV
Extrapolated to 0K:                 -4.0567843044 H         -110.3907 eV
Total Mermin free energy:           -4.0567843044 H         -110.3907 eV
Force related energy:               -4.0567843044 H         -110.3907 eV

 TempProfile:          30   9.5004460357391702E-004
MD Temperature:                      0.0239786646 H         7571.8544 K
MD Kinetic Energy:                   0.0719359939 H            1.9575 eV
Total MD Energy:                    -3.9848483106 H         -108.4332 eV

--------------------------------------------------------------------------------

***  Geometry step: 29

 iSCC Total electronic   Diff electronic      SCC error    
    1   -0.42309160E+01    0.00000000E+00    0.95989609E-02
    2   -0.42309162E+01   -0.38866219E-01    0.73557492E-02
    3   -0.42309166E+01   -0.27478377E-06    0.10484662E-03
    4   -0.42309166E+01   -0.39587310E-06    0.69361795E-04
    5   -0.42309166E+01   -0.72097883E-10    0.57157057E-10

Total Energy:                       -4.0405191736 H         -109.9481 eV
Extrapolated to 0K:                 -4.0405191736 H         -109.9481 eV
Total Mermin free energy:           -4.0405191736 H         -109.9481 eV
Force related energy:               -4.0405191736 H         -109.9481 eV

 TempProfile:          31   9.5004460357391702E-004
MD Temperature:                      0.0186289885 H         5882.5623 K
MD Kinetic Energy:                   0.0558869656 H            1.5208 eV
Total MD Energy:                    -3.9846322080 H         -108.4274 eV

--------------------------------------------------------------------------------

***  Geometry step: 30

 iSCC Total electronic   Diff electronic      SCC error    
    1   -0.42528687E+01    0.00000000E+00    0.99765175E-02
    2   -0.42528690E+01   -0.21952034E-01    0.76416943E-02
    3   -0.42528694E+01   -0.31837505E-06    0.94120244E-04
    4   -0.42528694E+01   -0.45742184E-06    0.65829340E-04
    5   -0.42528694E+01   -0.41081805E-10    0.78116735E-10

Total Energy:                       -4.0239879692 H         -109.4983 eV
Extrapolated to 0K:                 -4.0239879692 H         -109.4983 eV
Total Mermin free energy:           -4.0239879692 H         -109.4983 eV
Force related energy:               -4.0239879692 H         -109.4983 eV

>> Charges saved for restart in charges.bin
 TempProfile:          32   9.5004460357391702E-004
MD Temperature:                      0.0134051161 H         4232.9958 K
MD Kinetic Energy:                   0.0402153484 H            1.0943 eV
Total MD Energy:                    -3.9837726208 H         -108.4040 eV

--------------------------------------------------------------------------------

***  Geometry step: 31

 iSCC Total electronic   Diff electronic      SCC error    
    1   -0.42487968E+01    0.00000000E+00    0.96615102E-02
    2   -0.42487972E+01    0.40726196E-02    0.73570552E-02
    3   -0.42487977E+01   -0.36451688E-06    0.10016945E-03
    4   -0.42487977E+01   -0.50980560E-06    0.68915268E-04
    5   -0.42487977E+01   -0.43124615E-10    0.10362455E-09

Total Energy:                       -4.0241345592 H         -109.5023 eV
Extrapolated to 0K:                 -4.0241345592 H         -109.5023 eV
Total Mermin free energy:           -4.0241345592 H         -109.5023 eV
Force related energy:               -4.0241345592 H         -109.5023 eV

 TempProfile:          33   9.5004460357391702E-004
MD Temperature:                      0.0135628199 H         4282.7947 K
MD Kinetic Energy:                   0.0406884597 H            1.1072 eV
Total MD Energy:                    -3.9834460995 H         -108.3951 eV

--------------------------------------------------------------------------------

***  Geometry step: 32

 iSCC Total electronic   Diff electronic      SCC error    
    1   -0.42191187E+01    0.00000000E+00    0.11074263E-01
    2   -0.42191192E+01    0.29679024E-01    0.83507844E-02
    3   -0.42191199E+01   -0.55187927E-06    0.70296362E-04
    4   -0.42191199E+01   -0.73250917E-06    0.51787192E-04
    5   -0.42191199E+01   -0.21999291E-10    0.19931790E-09

Total Energy:                       -4.0461871099 H         -110.1024 eV
Extrapolated to 0K:                 -4.0461871099 H         -110.1024 eV
Total Mermin free energy:           -4.0461871099 H         -110.1024 eV
Force related energy:               -4.0461871099 H         -110.1024 eV

 TempProfile:          34   9.5004460357391702E-004
MD Temperature:                      0.0202995264 H         6410.0758 K
MD Kinetic Energy:                   0.0608985793 H            1.6571 eV
Total MD Energy:                    -3.9852885306 H         -108.4452 eV

--------------------------------------------------------------------------------

***  Geometry step: 33

 iSCC Total electronic   Diff electronic      SCC error    
    1   -0.41752820E+01    0.00000000E+00    0.16002582E-01
    2   -0.41752834E+01    0.43837928E-01    0.11901275E-01
    3   -0.41752851E+01   -0.13632962E-05    0.64542294E-04
    4   -0.41752851E+01   -0.16814990E-05    0.47474913E-04
    5   -0.41752851E+01   -0.23030466E-10    0.70583628E-09

Total Energy:                       -4.0679202925 H         -110.6937 eV
Extrapolated to 0K:                 -4.0679202925 H         -110.6937 eV
Total Mermin free energy:           -4.0679202925 H         -110.6937 eV
Force related energy:               -4.0679202925 H         -110.6937 eV

 TempProfile:          35   9.5004460357391702E-004
MD Temperature:                      0.0270767248 H         8550.1432 K
MD Kinetic Energy:                   0.0812301745 H            2.2104 eV
Total MD Energy:                    -3.9866901180 H         -108.4834 eV

--------------------------------------------------------------------------------

***  Geometry step: 34

 iSCC Total electronic   Diff electronic      SCC error    
    1   -0.41300895E+01    0.00000000E+00    0.24127359E-01
    2   -0.41300937E+01    0.45195528E-01    0.17580595E-01
    3   -0.41300984E+01   -0.41807879E-05    0.31016888E-03
    4   -0.41300984E+01   -0.47081451E-05    0.16788597E-03
    5   -0.41300984E+01   -0.12700809E-08    0.28027820E-08

Total Energy:                       -4.0718839067 H         -110.8016 eV
Extrapolated to 0K:                 -4.0718839067 H         -110.8016 eV
Total Mermin free energy:           -4.0718839067 H         -110.8016 eV
Force related energy:               -4.0718839067 H         -110.8016 eV

 TempProfile:          36   9.5004460357391702E-004
MD Temperature:                      0.0283973059 H         8967.1493 K
MD Kinetic Energy:                   0.0851919177 H            2.3182 eV
Total MD Energy:                    -3.9866919891 H         -108.4834 eV

--------------------------------------------------------------------------------

***  Geometry step: 35

 iSCC Total electronic   Diff electronic      SCC error    
    1   -0.40905206E+01    0.00000000E+00    0.32338381E-01
    2   -0.40905312E+01    0.39577847E-01    0.22920363E-01
    3   -0.40905420E+01   -0.10668149E-04    0.61829121E-03
    4   -0.40905420E+01   -0.10760916E-04    0.24782375E-03
    5   -0.40905420E+01   -0.74456175E-08    0.12191964E-07

Total Energy:                       -4.0606479038 H         -110.4959 eV
Extrapolated to 0K:                 -4.0606479038 H         -110.4959 eV
Total Mermin free energy:           -4.0606479038 H         -110.4959 eV
Force related energy:               -4.0606479038 H         -110.4959 eV

 TempProfile:          37   9.5004460357391702E-004
MD Temperature:                      0.0247580410 H         7817.9617 K
MD Kinetic Energy:                   0.0742741229 H            2.0211 eV
Total MD Energy:                    -3.9863737808 H         -108.4747 eV

--------------------------------------------------------------------------------

***  Geometry step: 36

 iSCC Total electronic   Diff electronic      SCC error    
    1   -0.40585858E+01    0.00000000E+00    0.36947515E-01
    2   -0.40586052E+01    0.31956194E-01    0.25328577E-01
    3   -0.40586224E+01   -0.19333518E-04    0.86822545E-03
    4   -0.40586224E+01   -0.17235155E-04    0.26887156E-03
    5   -0.40586224E+01   -0.17668969E-07    0.33956498E-07

Total Energy:                       -4.0428481663 H         -110.0115 eV
Extrapolated to 0K:                 -4.0428481663 H         -110.0115 eV
Total Mermin free energy:           -4.0428481663 H         -110.0115 eV
Force related energy:               -4.0428481663 H         -110.0115 eV

 TempProfile:          38   9.5004460357391702E-004
MD Temperature:                      0.0188751102 H         5960.2813 K
MD Kinetic Energy:                   0.0566253306 H            1.5409 eV
Total MD Energy:                    -3.9862228357 H         -108.4706 eV

--------------------------------------------------------------------------------

***  Geometry step: 37

 iSCC Total electronic   Diff electronic      SCC error    
    1   -0.40341075E+01    0.00000000E+00    0.36162621E-01
    2   -0.40341320E+01    0.24514922E-01    0.23912297E-01
    3   -0.40341512E+01   -0.24475609E-04    0.98585073E-03
    4   -0.40341513E+01   -0.19259128E-04    0.23943281E-03
    5   -0.40341513E+01   -0.25589650E-07    0.51225880E-07

Total Energy:                       -4.0247455419 H         -109.5189 eV
Extrapolated to 0K:                 -4.0247455419 H         -109.5189 eV
Total Mermin free energy:           -4.0247455419 H         -109.5189 eV
Force related energy:               -4.0247455419 H         -109.5189 eV

 TempProfile:          39   9.5004460357391702E-004
MD Temperature:                      0.0128478607 H         4057.0287 K
MD Kinetic Energy:                   0.0385435821 H            1.0488 eV
Total MD Energy:                    -3.9862019598 H         -108.4701 eV

--------------------------------------------------------------------------------

***  Geometry step: 38

 iSCC Total electronic   Diff electronic      SCC error    
    1   -0.40163811E+01    0.00000000E+00    0.30530068E-01
    2   -0.40164031E+01    0.17770106E-01    0.19485156E-01
    3   -0.40164186E+01   -0.21969717E-04    0.10316977E-02
    4   -0.40164186E+01   -0.15458473E-04    0.17379367E-03
    5   -0.40164186E+01   -0.29717951E-07    0.43842052E-07

Total Energy:                       -4.0096087688 H         -109.1070 eV
Extrapolated to 0K:                 -4.0096087688 H         -109.1070 eV
Total Mermin free energy:           -4.0096087688 H         -109.1070 eV
Force related energy:               -4.0096087688 H         -109.1070 eV

 TempProfile:          40   9.5004460357391702E-004
MD Temperature:                      0.0077922084 H         2460.5819 K
MD Kinetic Energy:                   0.0233766252 H            0.6361 eV
Total MD Energy:                    -3.9862321436 H         -108.4709 eV

--------------------------------------------------------------------------------

***  Geometry step: 39

 iSCC Total electronic   Diff electronic      SCC error    
    1   -0.40047999E+01    0.00000000E+00    0.21683496E-01
    2   -0.40048135E+01    0.11618724E-01    0.13393619E-01
    3   -0.40048224E+01   -0.13657120E-04    0.11079021E-02
    4   -0.40048224E+01   -0.88455639E-05    0.92487957E-04
    5   -0.40048224E+01   -0.34088006E-07    0.21829739E-07

Total Energy:                       -3.9988318790 H         -108.8138 eV
Extrapolated to 0K:                 -3.9988318790 H         -108.8138 eV
Total Mermin free energy:           -3.9988318790 H         -108.8138 eV
Force related energy:               -3.9988318790 H         -108.8138 eV

 TempProfile:          41   9.5004460357391702E-004
MD Temperature:                      0.0041903277 H         1323.1993 K
MD Kinetic Energy:                   0.0125709831 H            0.3421 eV
Total MD Energy:                    -3.9862608959 H         -108.4717 eV

--------------------------------------------------------------------------------

***  Geometry step: 40

 iSCC Total electronic   Diff electronic      SCC error    
    1   -0.39989580E+01    0.00000000E+00    0.12401996E-01
    2   -0.39989630E+01    0.58644298E-02    0.80750149E-02
    3   -0.39989662E+01   -0.50276388E-05    0.12582370E-02
    4   -0.39989663E+01   -0.32018873E-05    0.28050443E-04
    5   -0.39989663E+01   -0.41034312E-07    0.64391106E-08

Total Energy:                       -3.9929130166 H         -108.6527 eV
Extrapolated to 0K:                 -3.9929130166 H         -108.6527 eV
Total Mermin free energy:           -3.9929130166 H         -108.6527 eV
Force related energy:               -3.9929130166 H         -108.6527 eV

>> Charges saved for restart in charges.bin
 TempProfile:          42   9.5004460357391702E-004
MD Temperature:                      0.0022100356 H          697.8732 K
MD Kinetic Energy:                   0.0066301069 H            0.1804 eV
Total MD Energy:                    -3.9862829097 H         -108.4723 eV

--------------------------------------------------------------------------------

***  Geometry step: 41

 iSCC Total electronic   Diff electronic      SCC error    
    1   -0.39986351E+01    0.00000000E+00    0.61579211E-02
    2   -0.39986358E+01    0.33112779E-03    0.43045254E-02
    3   -0.39986365E+01   -0.71110611E-06    0.67365130E-03
    4   -0.39986366E+01   -0.69458575E-06    0.44612899E-05

Total Energy:                       -3.9918968481 H         -108.6250 eV
Extrapolated to 0K:                 -3.9918968481 H         -108.6250 eV
Total Mermin free energy:           -3.9918968481 H         -108.6250 eV
Force related energy:               -3.9918968481 H         -108.6250 eV

 TempProfile:          43   9.5004460357391702E-004
MD Temperature:                      0.0018618887 H          587.9372 K
MD Kinetic Energy:                   0.0055856661 H            0.1520 eV
Total MD Energy:                    -3.9863111820 H         -108.4730 eV

--------------------------------------------------------------------------------

***  Geometry step: 42

 iSCC Total electronic   Diff electronic      SCC error    
    1   -0.40037688E+01    0.00000000E+00    0.98850686E-02
    2   -0.40037709E+01   -0.51322171E-02    0.69351399E-02
    3   -0.40037724E+01   -0.20899680E-05    0.12607398E-02
    4   -0.40037725E+01   -0.15582689E-05    0.12230793E-04
    5   -0.40037725E+01   -0.57457382E-07    0.15867556E-08

Total Energy:                       -3.9955274724 H         -108.7238 eV
Extrapolated to 0K:                 -3.9955274724 H         -108.7238 eV
Total Mermin free energy:           -3.9955274724 H         -108.7238 eV
Force related energy:               -3.9955274724 H         -108.7238 eV

 TempProfile:          44   9.5004460357391702E-004
MD Temperature:                      0.0030535301 H          964.2274 K
MD Kinetic Energy:                   0.0091605903 H            0.2493 eV
Total MD Energy:                    -3.9863668821 H         -108.4746 eV

--------------------------------------------------------------------------------

***  Geometry step: 43

 iSCC Total electronic   Diff electronic      SCC error    
    1   -0.40144582E+01    0.00000000E+00    0.18920030E-01
    2   -0.40144656E+01   -0.10685754E-01    0.12174836E-01
    3   -0.40144705E+01   -0.73414806E-05    0.15311664E-02
    4   -0.40144706E+01   -0.49381716E-05    0.43973860E-04
    5   -0.40144706E+01   -0.81464104E-07    0.92916821E-08

Total Energy:                       -4.0032755329 H         -108.9347 eV
Extrapolated to 0K:                 -4.0032755329 H         -108.9347 eV
Total Mermin free energy:           -4.0032755329 H         -108.9347 eV
Force related energy:               -4.0032755329 H         -108.9347 eV

 TempProfile:          45   9.5004460357391702E-004
MD Temperature:                      0.0055965293 H         1767.2421 K
MD Kinetic Energy:                   0.0167895878 H            0.4569 eV
Total MD Energy:                    -3.9864859450 H         -108.4778 eV

--------------------------------------------------------------------------------

***  Geometry step: 44

 iSCC Total electronic   Diff electronic      SCC error    
    1   -0.40309321E+01    0.00000000E+00    0.25919609E-01
    2   -0.40309450E+01   -0.16461510E-01    0.16950666E-01
    3   -0.40309542E+01   -0.12932788E-04    0.16326126E-02
    4   -0.40309542E+01   -0.91383193E-05    0.92244233E-04
    5   -0.40309542E+01   -0.70311402E-07    0.23669834E-07

Total Energy:                       -4.0141735086 H         -109.2312 eV
Extrapolated to 0K:                 -4.0141735086 H         -109.2312 eV
Total Mermin free energy:           -4.0141735086 H         -109.2312 eV
Force related energy:               -4.0141735086 H         -109.2312 eV

 TempProfile:          46   9.5004460357391702E-004
MD Temperature:                      0.0091561089 H         2891.2671 K
MD Kinetic Energy:                   0.0274683266 H            0.7475 eV
Total MD Energy:                    -3.9867051820 H         -108.4838 eV

--------------------------------------------------------------------------------

***  Geometry step: 45

 iSCC Total electronic   Diff electronic      SCC error    
    1   -0.40534250E+01    0.00000000E+00    0.30094859E-01
    2   -0.40534406E+01   -0.22470774E-01    0.20153339E-01
    3   -0.40534528E+01   -0.15620733E-04    0.13607144E-02
    4   -0.40534528E+01   -0.12132121E-04    0.16465192E-03
    5   -0.40534528E+01   -0.37588564E-07    0.34668056E-07

Total Energy:                       -4.0265764327 H         -109.5687 eV
Extrapolated to 0K:                 -4.0265764327 H         -109.5687 eV
Total Mermin free energy:           -4.0265764327 H         -109.5687 eV
Force related energy:               -4.0265764327 H         -109.5687 eV

 TempProfile:          47   9.5004460357391702E-004
MD Temperature:                      0.0131766115 H         4160.8398 K
MD Kinetic Energy:                   0.0395298345 H            1.0757 eV
Total MD Energy:                    -3.9870465982 H         -108.4931 eV

--------------------------------------------------------------------------------

***  Geometry step: 46

 iSCC Total electronic   Diff electronic      SCC error    
    1   -0.40818938E+01    0.00000000E+00    0.30974935E-01
    2   -0.40819081E+01   -0.28441018E-01    0.21293545E-01
    3   -0.40819207E+01   -0.14321581E-04    0.75154512E-03
    4   -0.40819207E+01   -0.12510295E-04    0.25786457E-03
    5   -0.40819207E+01   -0.80036573E-08    0.31783921E-07

Total Energy:                       -4.0381347426 H         -109.8832 eV
Extrapolated to 0K:                 -4.0381347426 H         -109.8832 eV
Total Mermin free energy:           -4.0381347426 H         -109.8832 eV
Force related energy:               -4.0381347426 H         -109.8832 eV

 TempProfile:          48   9.5004460357391702E-004
MD Temperature:                      0.0168858377 H         5332.1195 K
MD Kinetic Energy:                   0.0506575132 H            1.3785 eV
Total MD Energy:                    -3.9874772294 H         -108.5048 eV

--------------------------------------------------------------------------------

***  Geometry step: 47

 iSCC Total electronic   Diff electronic      SCC error    
    1   -0.41154466E+01    0.00000000E+00    0.28642042E-01
    2   -0.41154569E+01   -0.33525918E-01    0.20205830E-01
    3   -0.41154671E+01   -0.10319835E-04    0.13348473E-04
    4   -0.41154671E+01   -0.10238388E-04    0.34023146E-05

Total Energy:                       -4.0464984709 H         -110.1108 eV
Extrapolated to 0K:                 -4.0464984709 H         -110.1108 eV
Total Mermin free energy:           -4.0464984709 H         -110.1108 eV
Force related energy:               -4.0464984709 H         -110.1108 eV

 TempProfile:          49   9.5004460357391702E-004
MD Temperature:                      0.0195466162 H         6172.3259 K
MD Kinetic Energy:                   0.0586398487 H            1.5957 eV
Total MD Energy:                    -3.9878586221 H         -108.5152 eV

--------------------------------------------------------------------------------

***  Geometry step: 48

 iSCC Total electronic   Diff electronic      SCC error    
    1   -0.41517011E+01    0.00000000E+00    0.23697316E-01
    2   -0.41517069E+01   -0.36233942E-01    0.17123547E-01
    3   -0.41517135E+01   -0.58346304E-05    0.60765661E-03
    4   -0.41517135E+01   -0.65635812E-05    0.24747735E-03
    5   -0.41517135E+01   -0.25759208E-08    0.70441146E-08

Total Energy:                       -4.0510486805 H         -110.2346 eV
Extrapolated to 0K:                 -4.0510486805 H         -110.2346 eV
Total Mermin free energy:           -4.0510486805 H         -110.2346 eV
Force related energy:               -4.0510486805 H         -110.2346 eV

 TempProfile:          50   9.5004460357391702E-004
MD Temperature:                      0.0209633016 H         6619.6792 K
MD Kinetic Energy:                   0.0628899047 H            1.7113 eV
Total MD Energy:                    -3.9881587758 H         -108.5233 eV

--------------------------------------------------------------------------------

***  Geometry step: 49

 iSCC Total electronic   Diff electronic      SCC error    
    1   -0.41866788E+01    0.00000000E+00    0.18876284E-01
    2   -0.41866813E+01   -0.34965335E-01    0.14209086E-01
    3   -0.41866844E+01   -0.24678021E-05    0.78487462E-03
    4   -0.41866844E+01   -0.31194633E-05    0.18646226E-03
    5   -0.41866844E+01   -0.44185287E-08    0.15689290E-08

Total Energy:                       -4.0526443724 H         -110.2781 eV
Extrapolated to 0K:                 -4.0526443724 H         -110.2781 eV
Total Mermin free energy:           -4.0526443724 H         -110.2781 eV
Force related energy:               -4.0526443724 H         -110.2781 eV

 TempProfile:          51   9.5004460357391702E-004
MD Temperature:                      0.0212786440 H         6719.2563 K
MD Kinetic Energy:                   0.0638359321 H            1.7371 eV
Total MD Energy:                    -3.9888084403 H         -108.5410 eV

--------------------------------------------------------------------------------

***  Geometry step: 50

 iSCC Total electronic   Diff electronic      SCC error    
    1   -0.42155569E+01    0.00000000E+00    0.14212319E-01
    2   -0.42155576E+01   -0.28872481E-01    0.10909627E-01
    3   -0.42155587E+01   -0.75047946E-06    0.45524834E-03
    4   -0.42155587E+01   -0.10639792E-05    0.12307109E-03
    5   -0.42155587E+01   -0.17749269E-08    0.27391600E-09

Total Energy:                       -4.0479300244 H         -110.1498 eV
Extrapolated to 0K:                 -4.0479300244 H         -110.1498 eV
Total Mermin free energy:           -4.0479300244 H         -110.1498 eV
Force related energy:               -4.0479300244 H         -110.1498 eV

>> Charges saved for restart in charges.bin
 TempProfile:          52   9.5004460357391702E-004
MD Temperature:                      0.0193925767 H         6123.6841 K
MD Kinetic Energy:                   0.0581777302 H            1.5831 eV
Total MD Energy:                    -3.9897522942 H         -108.5667 eV

--------------------------------------------------------------------------------

***  Geometry step: 51

 iSCC Total electronic   Diff electronic      SCC error    
    1   -0.42322599E+01    0.00000000E+00    0.90938378E-02
    2   -0.42322602E+01   -0.16701157E-01    0.70715217E-02
    3   -0.42322606E+01   -0.28970429E-06    0.12166317E-03
    4   -0.42322606E+01   -0.43694712E-06    0.68396400E-04
    5   -0.42322606E+01   -0.86854079E-10    0.11812107E-10

Total Energy:                       -4.0322651883 H         -109.7235 eV
Extrapolated to 0K:                 -4.0322651883 H         -109.7235 eV
Total Mermin free energy:           -4.0322651883 H         -109.7235 eV
Force related energy:               -4.0322651883 H         -109.7235 eV

 TempProfile:          53   9.5004460357391702E-004
MD Temperature:                      0.0143989591 H         4546.8262 K
MD Kinetic Energy:                   0.0431968773 H            1.1754 eV
Total MD Energy:                    -3.9890683110 H         -108.5481 eV

--------------------------------------------------------------------------------

***  Geometry step: 52

 iSCC Total electronic   Diff electronic      SCC error    
    1   -0.42290545E+01    0.00000000E+00    0.65606265E-02
    2   -0.42290548E+01    0.32060507E-02    0.50045216E-02
    3   -0.42290551E+01   -0.22478202E-06    0.36454464E-03
    4   -0.42290551E+01   -0.31584050E-06    0.23826014E-04
    5   -0.42290551E+01   -0.90267438E-09    0.22789215E-10

Total Energy:                       -4.0221347120 H         -109.4479 eV
Extrapolated to 0K:                 -4.0221347120 H         -109.4479 eV
Total Mermin free energy:           -4.0221347120 H         -109.4479 eV
Force related energy:               -4.0221347120 H         -109.4479 eV

 TempProfile:          54   9.5004460357391702E-004
MD Temperature:                      0.0115353714 H         3642.5778 K
MD Kinetic Energy:                   0.0346061142 H            0.9417 eV
Total MD Energy:                    -3.9875285978 H         -108.5062 eV

--------------------------------------------------------------------------------

***  Geometry step: 53

 iSCC Total electronic   Diff electronic      SCC error    
    1   -0.42033464E+01    0.00000000E+00    0.35698545E-02
    2   -0.42033465E+01    0.25708654E-01    0.26966205E-02
    3   -0.42033466E+01   -0.84445031E-07    0.23105698E-03
    4   -0.42033466E+01   -0.11293686E-06    0.31346147E-05

Total Energy:                       -4.0387005801 H         -109.8986 eV
Extrapolated to 0K:                 -4.0387005801 H         -109.8986 eV
Total Mermin free energy:           -4.0387005801 H         -109.8986 eV
Force related energy:               -4.0387005801 H         -109.8986 eV

 TempProfile:          55   9.5004460357391702E-004
MD Temperature:                      0.0164838451 H         5205.1804 K
MD Kinetic Energy:                   0.0494515353 H            1.3456 eV
Total MD Energy:                    -3.9892490447 H         -108.5530 eV

--------------------------------------------------------------------------------

***  Geometry step: 54

 iSCC Total electronic   Diff electronic      SCC error    
    1   -0.41640619E+01    0.00000000E+00    0.11657631E-02
    2   -0.41640619E+01    0.39284704E-01    0.86890637E-03
    3   -0.41640619E+01   -0.64286345E-08    0.28026912E-04
    4   -0.41640619E+01   -0.78704510E-08    0.19664628E-06

Total Energy:                       -4.0620510809 H         -110.5340 eV
Extrapolated to 0K:                 -4.0620510809 H         -110.5340 eV
Total Mermin free energy:           -4.0620510809 H         -110.5340 eV
Force related energy:               -4.0620510809 H         -110.5340 eV

 TempProfile:          56   9.5004460357391702E-004
MD Temperature:                      0.0236882931 H         7480.1624 K
MD Kinetic Energy:                   0.0710648792 H            1.9338 eV
Total MD Energy:                    -3.9909862017 H         -108.6003 eV

--------------------------------------------------------------------------------

***  Geometry step: 55

 iSCC Total electronic   Diff electronic      SCC error    
    1   -0.41233191E+01    0.00000000E+00    0.55734664E-02
    2   -0.41233193E+01    0.40742875E-01    0.42181587E-02
    3   -0.41233195E+01   -0.18793894E-06    0.13664923E-03
    4   -0.41233195E+01   -0.24978761E-06    0.19355395E-04
    5   -0.41233195E+01   -0.40300474E-09    0.54102167E-10

Total Energy:                       -4.0686563629 H         -110.7138 eV
Extrapolated to 0K:                 -4.0686563629 H         -110.7138 eV
Total Mermin free energy:           -4.0686563629 H         -110.7138 eV
Force related energy:               -4.0686563629 H         -110.7138 eV

 TempProfile:          57   9.5004460357391702E-004
MD Temperature:                      0.0259003487 H         8178.6735 K
MD Kinetic Energy:                   0.0777010461 H            2.1144 eV
Total MD Energy:                    -3.9909553168 H         -108.5994 eV

--------------------------------------------------------------------------------

***  Geometry step: 56

 iSCC Total electronic   Diff electronic      SCC error    
    1   -0.40879126E+01    0.00000000E+00    0.11059725E-01
    2   -0.40879137E+01    0.35406919E-01    0.81997225E-02
    3   -0.40879151E+01   -0.11489009E-05    0.36989813E-03
    4   -0.40879151E+01   -0.13792840E-05    0.78644448E-04
    5   -0.40879151E+01   -0.32539216E-08    0.93051855E-09

Total Energy:                       -4.0595144202 H         -110.4650 eV
Extrapolated to 0K:                 -4.0595144202 H         -110.4650 eV
Total Mermin free energy:           -4.0595144202 H         -110.4650 eV
Force related energy:               -4.0595144202 H         -110.4650 eV

 TempProfile:          58   9.5004460357391702E-004
MD Temperature:                      0.0229895133 H         7259.5055 K
MD Kinetic Energy:                   0.0689685399 H            1.8767 eV
Total MD Energy:                    -3.9905458803 H         -108.5883 eV

--------------------------------------------------------------------------------

***  Geometry step: 57

 iSCC Total electronic   Diff electronic      SCC error    
    1   -0.40598218E+01    0.00000000E+00    0.15034222E-01
    2   -0.40598249E+01    0.28093283E-01    0.10868830E-01
    3   -0.40598282E+01   -0.30856164E-05    0.58538724E-03
    4   -0.40598282E+01   -0.33118944E-05    0.92654358E-04
    5   -0.40598282E+01   -0.91446841E-08    0.47975084E-08

Total Energy:                       -4.0437334018 H         -110.0356 eV
Extrapolated to 0K:                 -4.0437334018 H         -110.0356 eV
Total Mermin free energy:           -4.0437334018 H         -110.0356 eV
Force related energy:               -4.0437334018 H         -110.0356 eV

 TempProfile:          59   9.5004460357391702E-004
MD Temperature:                      0.0177934276 H         5618.7133 K
MD Kinetic Energy:                   0.0533802827 H            1.4526 eV
Total MD Energy:                    -3.9903531191 H         -108.5830 eV

--------------------------------------------------------------------------------

***  Geometry step: 58

 iSCC Total electronic   Diff electronic      SCC error    
    1   -0.40389887E+01    0.00000000E+00    0.16209343E-01
    2   -0.40389934E+01    0.20839575E-01    0.11405641E-01
    3   -0.40389980E+01   -0.47659057E-05    0.74118318E-03
    4   -0.40389980E+01   -0.45856616E-05    0.80569143E-04
    5   -0.40389980E+01   -0.15522004E-07    0.10827345E-07

Total Energy:                       -4.0278423919 H         -109.6032 eV
Extrapolated to 0K:                 -4.0278423919 H         -109.6032 eV
Total Mermin free energy:           -4.0278423919 H         -109.6032 eV
Force related energy:               -4.0278423919 H         -109.6032 eV

 TempProfile:          60   9.5004460357391702E-004
MD Temperature:                      0.0125056770 H         3948.9758 K
MD Kinetic Energy:                   0.0375170311 H            1.0209 eV
Total MD Energy:                    -3.9903253608 H         -108.5823 eV

--------------------------------------------------------------------------------

***  Geometry step: 59

 iSCC Total electronic   Diff electronic      SCC error    
    1   -0.40248805E+01    0.00000000E+00    0.14614719E-01
    2   -0.40248852E+01    0.14117574E-01    0.10033875E-01
    3   -0.40248893E+01   -0.47293429E-05    0.90010169E-03
    4   -0.40248894E+01   -0.41593244E-05    0.51773698E-04
    5   -0.40248894E+01   -0.22742973E-07    0.11936888E-07

Total Energy:                       -4.0150617440 H         -109.2554 eV
Extrapolated to 0K:                 -4.0150617440 H         -109.2554 eV
Total Mermin free energy:           -4.0150617440 H         -109.2554 eV
Force related energy:               -4.0150617440 H         -109.2554 eV

 TempProfile:          61   9.5004460357391702E-004
MD Temperature:                      0.0082305826 H         2599.0093 K
MD Kinetic Energy:                   0.0246917479 H            0.6719 eV
Total MD Energy:                    -3.9903699960 H         -108.5835 eV

--------------------------------------------------------------------------------

***  Geometry step: 60

 iSCC Total electronic   Diff electronic      SCC error    
    1   -0.40170297E+01    0.00000000E+00    0.11001549E-01
    2   -0.40170328E+01    0.78596568E-02    0.74362207E-02
    3   -0.40170354E+01   -0.30962361E-05    0.10267108E-02
    4   -0.40170355E+01   -0.26366599E-05    0.26860508E-04
    5   -0.40170355E+01   -0.29611143E-07    0.58767901E-08

Total Energy:                       -4.0065788508 H         -109.0246 eV
Extrapolated to 0K:                 -4.0065788508 H         -109.0246 eV
Total Mermin free energy:           -4.0065788508 H         -109.0246 eV
Force related energy:               -4.0065788508 H         -109.0246 eV

>> Charges saved for restart in charges.bin
 TempProfile:          62   9.5004460357391702E-004
MD Temperature:                      0.0053817349 H         1699.4154 K
MD Kinetic Energy:                   0.0161452047 H            0.4393 eV
Total MD Energy:                    -3.9904336461 H         -108.5852 eV

--------------------------------------------------------------------------------

***  Geometry step: 61

 iSCC Total electronic   Diff electronic      SCC error    
    1   -0.40151052E+01    0.00000000E+00    0.79453185E-02
    2   -0.40151066E+01    0.19302564E-02    0.58621181E-02
    3   -0.40151079E+01   -0.13623235E-05    0.92656154E-03
    4   -0.40151079E+01   -0.13274317E-05    0.10737462E-04
    5   -0.40151079E+01   -0.23645789E-07    0.16632651E-09

Total Energy:                       -4.0025613724 H         -108.9152 eV
Extrapolated to 0K:                 -4.0025613724 H         -108.9152 eV
Total Mermin free energy:           -4.0025613724 H         -108.9152 eV
Force related energy:               -4.0025613724 H         -108.9152 eV

 TempProfile:          63   9.5004460357391702E-004
MD Temperature:                      0.0040181456 H         1268.8285 K
MD Kinetic Energy:                   0.0120544368 H            0.3280 eV
Total MD Energy:                    -3.9905069356 H         -108.5872 eV

--------------------------------------------------------------------------------

***  Geometry step: 62

 iSCC Total electronic   Diff electronic      SCC error    
    1   -0.40188772E+01    0.00000000E+00    0.90196685E-02
    2   -0.40188781E+01   -0.37692777E-02    0.66408209E-02
    3   -0.40188791E+01   -0.85849155E-06    0.26489685E-03
    4   -0.40188791E+01   -0.10009407E-05    0.28278211E-04
    5   -0.40188791E+01   -0.36513494E-08    0.85557783E-09

Total Energy:                       -4.0025869458 H         -108.9159 eV
Extrapolated to 0K:                 -4.0025869458 H         -108.9159 eV
Total Mermin free energy:           -4.0025869458 H         -108.9159 eV
Force related energy:               -4.0025869458 H         -108.9159 eV

 TempProfile:          64   9.5004460357391702E-004
MD Temperature:                      0.0039930714 H         1260.9107 K
MD Kinetic Energy:                   0.0119792141 H            0.3260 eV
Total MD Energy:                    -3.9906077317 H         -108.5900 eV

--------------------------------------------------------------------------------

***  Geometry step: 63

 iSCC Total electronic   Diff electronic      SCC error    
    1   -0.40281462E+01    0.00000000E+00    0.12652238E-01
    2   -0.40281479E+01   -0.92671179E-02    0.88202244E-02
    3   -0.40281494E+01   -0.17073728E-05    0.88280657E-03
    4   -0.40281495E+01   -0.15126844E-05    0.25786402E-04
    5   -0.40281495E+01   -0.44334286E-07    0.24516043E-08

Total Energy:                       -4.0057945212 H         -109.0032 eV
Extrapolated to 0K:                 -4.0057945212 H         -109.0032 eV
Total Mermin free energy:           -4.0057945212 H         -109.0032 eV
Force related energy:               -4.0057945212 H         -109.0032 eV

 TempProfile:          65   9.5004460357391702E-004
MD Temperature:                      0.0050198788 H         1585.1504 K
MD Kinetic Energy:                   0.0150596363 H            0.4098 eV
Total MD Energy:                    -3.9907348849 H         -108.5934 eV

--------------------------------------------------------------------------------

***  Geometry step: 64

 iSCC Total electronic   Diff electronic      SCC error    
    1   -0.40426467E+01    0.00000000E+00    0.15462333E-01
    2   -0.40426498E+01   -0.14497275E-01    0.10667526E-01
    3   -0.40426522E+01   -0.30338705E-05    0.10615443E-02
    4   -0.40426522E+01   -0.24263482E-05    0.45295677E-04
    5   -0.40426522E+01   -0.43859650E-07    0.54935905E-08

Total Energy:                       -4.0111561975 H         -109.1491 eV
Extrapolated to 0K:                 -4.0111561975 H         -109.1491 eV
Total Mermin free energy:           -4.0111561975 H         -109.1491 eV
Force related energy:               -4.0111561975 H         -109.1491 eV

 TempProfile:          66   9.5004460357391702E-004
MD Temperature:                      0.0067582767 H         2134.0924 K
MD Kinetic Energy:                   0.0202748300 H            0.5517 eV
Total MD Energy:                    -3.9908813675 H         -108.5974 eV

--------------------------------------------------------------------------------

***  Geometry step: 65

 iSCC Total electronic   Diff electronic      SCC error    
    1   -0.40618408E+01    0.00000000E+00    0.16050998E-01
    2   -0.40618447E+01   -0.19188601E-01    0.11071555E-01
    3   -0.40618478E+01   -0.38447859E-05    0.80618912E-03
    4   -0.40618479E+01   -0.31588699E-05    0.82109706E-04
    5   -0.40618479E+01   -0.17980029E-07    0.84216838E-08

Total Energy:                       -4.0178163116 H         -109.3303 eV
Extrapolated to 0K:                 -4.0178163116 H         -109.3303 eV
Total Mermin free energy:           -4.0178163116 H         -109.3303 eV
Force related energy:               -4.0178163116 H         -109.3303 eV

 TempProfile:          67   9.5004460357391702E-004
MD Temperature:                      0.0089323819 H         2820.6198 K
MD Kinetic Energy:                   0.0267971458 H            0.7292 eV
Total MD Energy:                    -3.9910191658 H         -108.6012 eV

--------------------------------------------------------------------------------

***  Geometry step: 66

 iSCC Total electronic   Diff electronic      SCC error    
    1   -0.40846633E+01    0.00000000E+00    0.14667073E-01
    2   -0.40846671E+01   -0.22815493E-01    0.10170607E-01
    3   -0.40846704E+01   -0.37103374E-05    0.26413338E-03
    4   -0.40846704E+01   -0.33225422E-05    0.12692197E-03
    5   -0.40846704E+01   -0.11318750E-08    0.76593825E-08

Total Energy:                       -4.0257191202 H         -109.5454 eV
Extrapolated to 0K:                 -4.0257191202 H         -109.5454 eV
Total Mermin free energy:           -4.0257191202 H         -109.5454 eV
Force related energy:               -4.0257191202 H         -109.5454 eV

 TempProfile:          68   9.5004460357391702E-004
MD Temperature:                      0.0115415487 H         3644.5285 K
MD Kinetic Energy:                   0.0346246461 H            0.9422 eV
Total MD Energy:                    -3.9910944741 H         -108.6032 eV

--------------------------------------------------------------------------------

***  Geometry step: 67

 iSCC Total electronic   Diff electronic      SCC error    
    1   -0.41095586E+01    0.00000000E+00    0.12963192E-01
    2   -0.41095615E+01   -0.24888241E-01    0.91935494E-02
    3   -0.41095645E+01   -0.29090677E-05    0.31888648E-03
    4   -0.41095645E+01   -0.29254493E-05    0.12874447E-03
    5   -0.41095645E+01   -0.11357493E-08    0.51374389E-08

Total Energy:                       -4.0362344564 H         -109.8315 eV
Extrapolated to 0K:                 -4.0362344564 H         -109.8315 eV
Total Mermin free energy:           -4.0362344564 H         -109.8315 eV
Force related energy:               -4.0362344564 H         -109.8315 eV

 TempProfile:          69   9.5004460357391702E-004
MD Temperature:                      0.0150099131 H         4739.7500 K
MD Kinetic Energy:                   0.0450297392 H            1.2253 eV
Total MD Energy:                    -3.9912047172 H         -108.6062 eV

--------------------------------------------------------------------------------

***  Geometry step: 68

 iSCC Total electronic   Diff electronic      SCC error    
    1   -0.41350310E+01    0.00000000E+00    0.12859059E-01
    2   -0.41350330E+01   -0.25466554E-01    0.94065918E-02
    3   -0.41350352E+01   -0.19448694E-05    0.65288696E-03
    4   -0.41350352E+01   -0.22323785E-05    0.87900679E-04
    5   -0.41350352E+01   -0.44576591E-08    0.23569209E-08

Total Energy:                       -4.0506019503 H         -110.2225 eV
Extrapolated to 0K:                 -4.0506019503 H         -110.2225 eV
Total Mermin free energy:           -4.0506019503 H         -110.2225 eV
Force related energy:               -4.0506019503 H         -110.2225 eV

 TempProfile:          70   9.5004460357391702E-004
MD Temperature:                      0.0196286055 H         6198.2160 K
MD Kinetic Energy:                   0.0588858166 H            1.6024 eV
Total MD Energy:                    -3.9917161337 H         -108.6201 eV

--------------------------------------------------------------------------------

***  Geometry step: 69

 iSCC Total electronic   Diff electronic      SCC error    
    1   -0.41604491E+01    0.00000000E+00    0.11814768E-01
    2   -0.41604502E+01   -0.25413876E-01    0.88733667E-02
    3   -0.41604518E+01   -0.11669375E-05    0.51758512E-03
    4   -0.41604518E+01   -0.15351109E-05    0.77326180E-04
    5   -0.41604518E+01   -0.26018681E-08    0.53264060E-09

Total Energy:                       -4.0652872453 H         -110.6221 eV
Extrapolated to 0K:                 -4.0652872453 H         -110.6221 eV
Total Mermin free energy:           -4.0652872453 H         -110.6221 eV
Force related energy:               -4.0652872453 H         -110.6221 eV

 TempProfile:          71   9.5004460357391702E-004
MD Temperature:                      0.0241302422 H         7619.7187 K
MD Kinetic Energy:                   0.0723907265 H            1.9699 eV
Total MD Energy:                    -3.9928965188 H         -108.6522 eV

--------------------------------------------------------------------------------

***  Geometry step: 70

 iSCC Total electronic   Diff electronic      SCC error    
    1   -0.41857071E+01    0.00000000E+00    0.10789300E-01
    2   -0.41857079E+01   -0.25255316E-01    0.82595729E-02
    3   -0.41857091E+01   -0.81509332E-06    0.51190367E-04
    4   -0.41857091E+01   -0.11586634E-05    0.37424600E-04
    5   -0.41857091E+01   -0.10250467E-10    0.24149394E-09

Total Energy:                       -4.0687982402 H         -110.7176 eV
Extrapolated to 0K:                 -4.0687982402 H         -110.7176 eV
Total Mermin free energy:           -4.0687982402 H         -110.7176 eV
Force related energy:               -4.0687982402 H         -110.7176 eV

>> Charges saved for restart in charges.bin
 TempProfile:          72   9.5004460357391702E-004
MD Temperature:                      0.0247816526 H         7825.4176 K
MD Kinetic Energy:                   0.0743449577 H            2.0230 eV
Total MD Energy:                    -3.9944532826 H         -108.6946 eV

--------------------------------------------------------------------------------

***  Geometry step: 71

 iSCC Total electronic   Diff electronic      SCC error    
    1   -0.42084010E+01    0.00000000E+00    0.12461350E-01
    2   -0.42084019E+01   -0.22691926E-01    0.94568362E-02
    3   -0.42084031E+01   -0.90835036E-06    0.41578212E-03
    4   -0.42084031E+01   -0.12367497E-05    0.10345950E-03
    5   -0.42084031E+01   -0.13121149E-08    0.52740501E-09

Total Energy:                       -4.0482614602 H         -110.1588 eV
Extrapolated to 0K:                 -4.0482614602 H         -110.1588 eV
Total Mermin free energy:           -4.0482614602 H         -110.1588 eV
Force related energy:               -4.0482614602 H         -110.1588 eV

 TempProfile:          73   9.5004460357391702E-004
MD Temperature:                      0.0179395246 H         5664.8470 K
MD Kinetic Energy:                   0.0538185737 H            1.4645 eV
Total MD Energy:                    -3.9944428866 H         -108.6943 eV

--------------------------------------------------------------------------------

***  Geometry step: 72

 iSCC Total electronic   Diff electronic      SCC error    
    1   -0.42199084E+01    0.00000000E+00    0.11890588E-01
    2   -0.42199094E+01   -0.11505215E-01    0.89409254E-02
    3   -0.42199106E+01   -0.10007349E-05    0.33137125E-03
    4   -0.42199106E+01   -0.12917579E-05    0.12877472E-03
    5   -0.42199106E+01   -0.63400662E-09    0.67843975E-09

Total Energy:                       -4.0160086559 H         -109.2812 eV
Extrapolated to 0K:                 -4.0160086559 H         -109.2812 eV
Total Mermin free energy:           -4.0160086559 H         -109.2812 eV
Force related energy:               -4.0160086559 H         -109.2812 eV

 TempProfile:          74   9.5004460357391702E-004
MD Temperature:                      0.0082196142 H         2595.5458 K
MD Kinetic Energy:                   0.0246588427 H            0.6710 eV
Total MD Energy:                    -3.9913498131 H         -108.6102 eV

--------------------------------------------------------------------------------

***  Geometry step: 73

 iSCC Total electronic   Diff electronic      SCC error    
    1   -0.42096167E+01    0.00000000E+00    0.10097535E-01
    2   -0.42096174E+01    0.10293964E-01    0.75021314E-02
    3   -0.42096184E+01   -0.74557499E-06    0.41695958E-04
    4   -0.42096184E+01   -0.92419280E-06    0.31889286E-04
    5   -0.42096184E+01   -0.71231909E-11    0.46862081E-09

Total Energy:                       -4.0168933370 H         -109.3052 eV
Extrapolated to 0K:                 -4.0168933370 H         -109.3052 eV
Total Mermin free energy:           -4.0168933370 H         -109.3052 eV
Force related energy:               -4.0168933370 H         -109.3052 eV

 TempProfile:          75   9.5004460357391702E-004
MD Temperature:                      0.0084375201 H         2664.3549 K
MD Kinetic Energy:                   0.0253125603 H            0.6888 eV
Total MD Energy:                    -3.9915807767 H         -108.6164 eV

--------------------------------------------------------------------------------

***  Geometry step: 74

 iSCC Total electronic   Diff electronic      SCC error    
    1   -0.41795208E+01    0.00000000E+00    0.10645475E-01
    2   -0.41795213E+01    0.30097572E-01    0.79403734E-02
    3   -0.41795220E+01   -0.54670261E-06    0.26567016E-03
    4   -0.41795220E+01   -0.66556498E-06    0.85327090E-04
    5   -0.41795220E+01   -0.10591581E-08    0.58821392E-10

Total Energy:                       -4.0493258894 H         -110.1878 eV
Extrapolated to 0K:                 -4.0493258894 H         -110.1878 eV
Total Mermin free energy:           -4.0493258894 H         -110.1878 eV
Force related energy:               -4.0493258894 H         -110.1878 eV

 TempProfile:          76   9.5004460357391702E-004
MD Temperature:                      0.0181735262 H         5738.7388 K
MD Kinetic Energy:                   0.0545205786 H            1.4836 eV
Total MD Energy:                    -3.9948053108 H         -108.7042 eV

--------------------------------------------------------------------------------

***  Geometry step: 75

 iSCC Total electronic   Diff electronic      SCC error    
    1   -0.41429939E+01    0.00000000E+00    0.14874596E-01
    2   -0.41429951E+01    0.36528107E-01    0.11030301E-01
    3   -0.41429967E+01   -0.12531702E-05    0.57386114E-03
    4   -0.41429967E+01   -0.15485131E-05    0.11748357E-03
    5   -0.41429967E+01   -0.60191940E-08    0.79369311E-09

Total Energy:                       -4.0706102054 H         -110.7669 eV
Extrapolated to 0K:                 -4.0706102054 H         -110.7669 eV
Total Mermin free energy:           -4.0706102054 H         -110.7669 eV
Force related energy:               -4.0706102054 H         -110.7669 eV

 TempProfile:          77   9.5004460357391702E-004
MD Temperature:                      0.0250924728 H         7923.5668 K
MD Kinetic Energy:                   0.0752774184 H            2.0484 eV
Total MD Energy:                    -3.9953327870 H         -108.7185 eV

--------------------------------------------------------------------------------

***  Geometry step: 76

 iSCC Total electronic   Diff electronic      SCC error    
    1   -0.41100244E+01    0.00000000E+00    0.21699795E-01
    2   -0.41100290E+01    0.32972301E-01    0.15728397E-01
    3   -0.41100342E+01   -0.45684730E-05    0.10161149E-02
    4   -0.41100343E+01   -0.52823083E-05    0.16557359E-03
    5   -0.41100343E+01   -0.19271108E-07    0.43699225E-08

Total Energy:                       -4.0703153319 H         -110.7589 eV
Extrapolated to 0K:                 -4.0703153319 H         -110.7589 eV
Total Mermin free energy:           -4.0703153319 H         -110.7589 eV
Force related energy:               -4.0703153319 H         -110.7589 eV

 TempProfile:          78   9.5004460357391702E-004
MD Temperature:                      0.0251882021 H         7953.7956 K
MD Kinetic Energy:                   0.0755646063 H            2.0562 eV
Total MD Energy:                    -3.9947507256 H         -108.7027 eV

--------------------------------------------------------------------------------

***  Geometry step: 77

 iSCC Total electronic   Diff electronic      SCC error    
    1   -0.40838182E+01    0.00000000E+00    0.27956472E-01
    2   -0.40838297E+01    0.26216046E-01    0.20167345E-01
    3   -0.40838415E+01   -0.11499014E-04    0.15130787E-02
    4   -0.40838416E+01   -0.11809937E-04    0.18752736E-03
    5   -0.40838416E+01   -0.43079643E-07    0.24803103E-07

Total Energy:                       -4.0583233600 H         -110.4326 eV
Extrapolated to 0K:                 -4.0583233600 H         -110.4326 eV
Total Mermin free energy:           -4.0583233600 H         -110.4326 eV
Force related energy:               -4.0583233600 H         -110.4326 eV

 TempProfile:          79   9.5004460357391702E-004
MD Temperature:                      0.0212955274 H         6724.5877 K
MD Kinetic Energy:                   0.0638865821 H            1.7384 eV
Total MD Energy:                    -3.9944367778 H         -108.6942 eV

--------------------------------------------------------------------------------

***  Geometry step: 78

 iSCC Total electronic   Diff electronic      SCC error    
    1   -0.40643059E+01    0.00000000E+00    0.30393653E-01
    2   -0.40643245E+01    0.19535710E-01    0.21201292E-01
    3   -0.40643413E+01   -0.18680669E-04    0.18823670E-02
    4   -0.40643413E+01   -0.16708212E-04    0.17238653E-03
    5   -0.40643413E+01   -0.65531837E-07    0.61217328E-07

Total Energy:                       -4.0432288443 H         -110.0219 eV
Extrapolated to 0K:                 -4.0432288443 H         -110.0219 eV
Total Mermin free energy:           -4.0432288443 H         -110.0219 eV
Force related energy:               -4.0432288443 H         -110.0219 eV

 TempProfile:          80   9.5004460357391702E-004
MD Temperature:                      0.0162799339 H         5140.7904 K
MD Kinetic Energy:                   0.0488398017 H            1.3290 eV
Total MD Energy:                    -3.9943890426 H         -108.6929 eV

--------------------------------------------------------------------------------

***  Geometry step: 79

 iSCC Total electronic   Diff electronic      SCC error    
    1   -0.40506343E+01    0.00000000E+00    0.28491868E-01
    2   -0.40506552E+01    0.13707053E-01    0.19189877E-01
    3   -0.40506715E+01   -0.20960943E-04    0.20791344E-02
    4   -0.40506716E+01   -0.16316385E-04    0.13598824E-03
    5   -0.40506716E+01   -0.76288601E-07    0.77019856E-07

Total Energy:                       -4.0292256401 H         -109.6408 eV
Extrapolated to 0K:                 -4.0292256401 H         -109.6408 eV
Total Mermin free energy:           -4.0292256401 H         -109.6408 eV
Force related energy:               -4.0292256401 H         -109.6408 eV

 TempProfile:          81   9.5004460357391702E-004
MD Temperature:                      0.0115871061 H         3658.9144 K
MD Kinetic Energy:                   0.0347613184 H            0.9459 eV
Total MD Energy:                    -3.9944643217 H         -108.6949 eV

--------------------------------------------------------------------------------

***  Geometry step: 80

 iSCC Total electronic   Diff electronic      SCC error    
    1   -0.40420053E+01    0.00000000E+00    0.23756532E-01
    2   -0.40420225E+01    0.86663339E-02    0.15501343E-01
    3   -0.40420343E+01   -0.17216079E-04    0.21306241E-02
    4   -0.40420344E+01   -0.11838352E-04    0.10056604E-03
    5   -0.40420344E+01   -0.74242535E-07    0.57178659E-07

Total Energy:                       -4.0177894755 H         -109.3296 eV
Extrapolated to 0K:                 -4.0177894755 H         -109.3296 eV
Total Mermin free energy:           -4.0177894755 H         -109.3296 eV
Force related energy:               -4.0177894755 H         -109.3296 eV

>> Charges saved for restart in charges.bin
 TempProfile:          82   9.5004460357391702E-004
MD Temperature:                      0.0077456920 H         2445.8932 K
MD Kinetic Energy:                   0.0232370760 H            0.6323 eV
Total MD Energy:                    -3.9945523995 H         -108.6973 eV

--------------------------------------------------------------------------------

***  Geometry step: 81

 iSCC Total electronic   Diff electronic      SCC error    
    1   -0.40377192E+01    0.00000000E+00    0.17708425E-01
    2   -0.40377297E+01    0.43151665E-02    0.11290377E-01
    3   -0.40377362E+01   -0.10457829E-04    0.20403913E-02
    4   -0.40377363E+01   -0.65373369E-05    0.58965325E-04
    5   -0.40377363E+01   -0.61631966E-07    0.26627225E-07

Total Energy:                       -4.0092996828 H         -109.0986 eV
Extrapolated to 0K:                 -4.0092996828 H         -109.0986 eV
Total Mermin free energy:           -4.0092996828 H         -109.0986 eV
Force related energy:               -4.0092996828 H         -109.0986 eV

 TempProfile:          83   9.5004460357391702E-004
MD Temperature:                      0.0048858123 H         1542.8156 K
MD Kinetic Energy:                   0.0146574368 H            0.3988 eV
Total MD Energy:                    -3.9946422460 H         -108.6997 eV

--------------------------------------------------------------------------------

***  Geometry step: 82

 iSCC Total electronic   Diff electronic      SCC error    
    1   -0.40370473E+01    0.00000000E+00    0.11453959E-01
    2   -0.40370516E+01    0.68904725E-03    0.72372678E-02
    3   -0.40370542E+01   -0.43856594E-05    0.17808767E-02
    4   -0.40370543E+01   -0.26043025E-05    0.23471793E-04
    5   -0.40370543E+01   -0.42307763E-07    0.72393520E-08

Total Energy:                       -4.0035120760 H         -108.9411 eV
Extrapolated to 0K:                 -4.0035120760 H         -108.9411 eV
Total Mermin free energy:           -4.0035120760 H         -108.9411 eV
Force related energy:               -4.0035120760 H         -108.9411 eV

 TempProfile:          84   9.5004460357391702E-004
MD Temperature:                      0.0029378769 H          927.7070 K
MD Kinetic Energy:                   0.0088136306 H            0.2398 eV
Total MD Energy:                    -3.9946984453 H         -108.7013 eV

--------------------------------------------------------------------------------

***  Geometry step: 83

 iSCC Total electronic   Diff electronic      SCC error    
    1   -0.40392667E+01    0.00000000E+00    0.54251035E-02
    2   -0.40392675E+01   -0.22124152E-02    0.34970938E-02
    3   -0.40392681E+01   -0.83555015E-06    0.12076259E-02
    4   -0.40392681E+01   -0.52354678E-06    0.36054218E-05

Total Energy:                       -4.0001506647 H         -108.8496 eV
Extrapolated to 0K:                 -4.0001506647 H         -108.8496 eV
Total Mermin free energy:           -4.0001506647 H         -108.8496 eV
Force related energy:               -4.0001506647 H         -108.8496 eV

 TempProfile:          85   9.5004460357391702E-004
MD Temperature:                      0.0018139398 H          572.7962 K
MD Kinetic Energy:                   0.0054418195 H            0.1481 eV
Total MD Energy:                    -3.9947088452 H         -108.7016 eV

--------------------------------------------------------------------------------

***  Geometry step: 84

 iSCC Total electronic   Diff electronic      SCC error    
    1   -0.40436612E+01    0.00000000E+00    0.32579877E-02
    2   -0.40436613E+01   -0.43930741E-02    0.22437473E-02
    3   -0.40436614E+01   -0.11815960E-06    0.42529100E-03
    4   -0.40436614E+01   -0.88599617E-07    0.38814524E-06

Total Energy:                       -3.9993417751 H         -108.8276 eV
Extrapolated to 0K:                 -3.9993417751 H         -108.8276 eV
Total Mermin free energy:           -3.9993417751 H         -108.8276 eV
Force related energy:               -3.9993417751 H         -108.8276 eV

 TempProfile:          86   9.5004460357391702E-004
MD Temperature:                      0.0015524114 H          490.2121 K
MD Kinetic Energy:                   0.0046572341 H            0.1267 eV
Total MD Energy:                    -3.9946845410 H         -108.7009 eV

--------------------------------------------------------------------------------

***  Geometry step: 85

 iSCC Total electronic   Diff electronic      SCC error    
    1   -0.40496125E+01    0.00000000E+00    0.73965091E-02
    2   -0.40496142E+01   -0.59510807E-02    0.45601174E-02
    3   -0.40496152E+01   -0.17267047E-05    0.23069431E-03
    4   -0.40496152E+01   -0.10020080E-05    0.22169293E-04
    5   -0.40496152E+01   -0.81534157E-09    0.12784804E-08

Total Energy:                       -4.0016075946 H         -108.8893 eV
Extrapolated to 0K:                 -4.0016075946 H         -108.8893 eV
Total Mermin free energy:           -4.0016075946 H         -108.8893 eV
Force related energy:               -4.0016075946 H         -108.8893 eV

 TempProfile:          87   9.5004460357391702E-004
MD Temperature:                      0.0023173846 H          731.7713 K
MD Kinetic Energy:                   0.0069521538 H            0.1892 eV
Total MD Energy:                    -3.9946554408 H         -108.7001 eV

--------------------------------------------------------------------------------

***  Geometry step: 86

 iSCC Total electronic   Diff electronic      SCC error    
    1   -0.40567690E+01    0.00000000E+00    0.11266146E-01
    2   -0.40567739E+01   -0.71538577E-02    0.70239173E-02
    3   -0.40567770E+01   -0.48537358E-05    0.44213100E-03
    4   -0.40567770E+01   -0.30629725E-05    0.86265509E-04
    5   -0.40567770E+01   -0.22608351E-08    0.69735231E-08

Total Energy:                       -4.0076078140 H         -109.0526 eV
Extrapolated to 0K:                 -4.0076078140 H         -109.0526 eV
Total Mermin free energy:           -4.0076078140 H         -109.0526 eV
Force related energy:               -4.0076078140 H         -109.0526 eV

 TempProfile:          88   9.5004460357391702E-004
MD Temperature:                      0.0043138207 H         1362.1952 K
MD Kinetic Energy:                   0.0129414620 H            0.3522 eV
Total MD Energy:                    -3.9946663520 H         -108.7004 eV

--------------------------------------------------------------------------------

***  Geometry step: 87

 iSCC Total electronic   Diff electronic      SCC error    
    1   -0.40652250E+01    0.00000000E+00    0.16641193E-01
    2   -0.40652335E+01   -0.84480349E-02    0.10905095E-01
    3   -0.40652395E+01   -0.84722933E-05    0.11339708E-02
    4   -0.40652395E+01   -0.60157921E-05    0.90696179E-04
    5   -0.40652395E+01   -0.14584812E-07    0.18558034E-07

Total Energy:                       -4.0177247861 H         -109.3279 eV
Extrapolated to 0K:                 -4.0177247861 H         -109.3279 eV
Total Mermin free energy:           -4.0177247861 H         -109.3279 eV
Force related energy:               -4.0177247861 H         -109.3279 eV

 TempProfile:          89   9.5004460357391702E-004
MD Temperature:                      0.0076413989 H         2412.9600 K
MD Kinetic Energy:                   0.0229241966 H            0.6238 eV
Total MD Energy:                    -3.9948005896 H         -108.7041 eV

--------------------------------------------------------------------------------

***  Geometry step: 88

 iSCC Total electronic   Diff electronic      SCC error    
    1   -0.40755740E+01    0.00000000E+00    0.21913333E-01
    2   -0.40755851E+01   -0.10334465E-01    0.14952470E-01
    3   -0.40755942E+01   -0.11117971E-04    0.17314803E-02
    4   -0.40755942E+01   -0.90707251E-05    0.10720508E-03
    5   -0.40755942E+01   -0.34229116E-07    0.30548437E-07

Total Energy:                       -4.0314221622 H         -109.7006 eV
Extrapolated to 0K:                 -4.0314221622 H         -109.7006 eV
Total Mermin free energy:           -4.0314221622 H         -109.7006 eV
Force related energy:               -4.0314221622 H         -109.7006 eV

 TempProfile:          90   9.5004460357391702E-004
MD Temperature:                      0.0121255255 H         3828.9336 K
MD Kinetic Energy:                   0.0363765766 H            0.9899 eV
Total MD Energy:                    -3.9950455857 H         -108.7107 eV

--------------------------------------------------------------------------------

***  Geometry step: 89

 iSCC Total electronic   Diff electronic      SCC error    
    1   -0.40888140E+01    0.00000000E+00    0.26094911E-01
    2   -0.40888252E+01   -0.13219846E-01    0.18501264E-01
    3   -0.40888357E+01   -0.11148320E-04    0.20742343E-02
    4   -0.40888358E+01   -0.10554508E-04    0.12759835E-03
    5   -0.40888358E+01   -0.51987882E-07    0.30451106E-07

Total Energy:                       -4.0472062994 H         -110.1301 eV
Extrapolated to 0K:                 -4.0472062994 H         -110.1301 eV
Total Mermin free energy:           -4.0472062994 H         -110.1301 eV
Force related energy:               -4.0472062994 H         -110.1301 eV

 TempProfile:          91   9.5004460357391702E-004
MD Temperature:                      0.0172477247 H         5446.3942 K
MD Kinetic Energy:                   0.0517431742 H            1.4080 eV
Total MD Energy:                    -3.9954631252 H         -108.7221 eV

--------------------------------------------------------------------------------

***  Geometry step: 90

 iSCC Total electronic   Diff electronic      SCC error    
    1   -0.41062659E+01    0.00000000E+00    0.27721305E-01
    2   -0.41062741E+01   -0.17430123E-01    0.20327384E-01
    3   -0.41062831E+01   -0.81726370E-05    0.19688435E-02
    4   -0.41062831E+01   -0.89726520E-05    0.14294994E-03
    5   -0.41062831E+01   -0.51970003E-07    0.16455854E-07

Total Energy:                       -4.0621715576 H         -110.5373 eV
Extrapolated to 0K:                 -4.0621715576 H         -110.5373 eV
Total Mermin free energy:           -4.0621715576 H         -110.5373 eV
Force related energy:               -4.0621715576 H         -110.5373 eV

>> Charges saved for restart in charges.bin
 TempProfile:          92   9.5004460357391702E-004
MD Temperature:                      0.0219912314 H         6944.2733 K
MD Kinetic Energy:                   0.0659736942 H            1.7952 eV
Total MD Energy:                    -3.9961978635 H         -108.7421 eV

--------------------------------------------------------------------------------

***  Geometry step: 91

 iSCC Total electronic   Diff electronic      SCC error    
    1   -0.41291808E+01    0.00000000E+00    0.25182408E-01
    2   -0.41291848E+01   -0.22897673E-01    0.18970481E-01
    3   -0.41291899E+01   -0.40136468E-05    0.13234367E-02
    4   -0.41291899E+01   -0.50734962E-05    0.14760436E-03
    5   -0.41291899E+01   -0.27071627E-07    0.48447077E-08

Total Energy:                       -4.0704018601 H         -110.7613 eV
Extrapolated to 0K:                 -4.0704018601 H         -110.7613 eV
Total Mermin free energy:           -4.0704018601 H         -110.7613 eV
Force related energy:               -4.0704018601 H         -110.7613 eV

 TempProfile:          93   9.5004460357391702E-004
MD Temperature:                      0.0243523203 H         7689.8454 K
MD Kinetic Energy:                   0.0730569609 H            1.9880 eV
Total MD Energy:                    -3.9973448992 H         -108.7733 eV

--------------------------------------------------------------------------------

***  Geometry step: 92

 iSCC Total electronic   Diff electronic      SCC error    
    1   -0.41573476E+01    0.00000000E+00    0.18352464E-01
    2   -0.41573488E+01   -0.28157672E-01    0.14096938E-01
    3   -0.41573506E+01   -0.12398142E-05    0.39679787E-03
    4   -0.41573506E+01   -0.17778690E-05    0.13671228E-03
    5   -0.41573506E+01   -0.26251881E-08    0.86596952E-09

Total Energy:                       -4.0619568325 H         -110.5315 eV
Extrapolated to 0K:                 -4.0619568325 H         -110.5315 eV
Total Mermin free energy:           -4.0619568325 H         -110.5315 eV
Force related energy:               -4.0619568325 H         -110.5315 eV

 TempProfile:          94   9.5004460357391702E-004
MD Temperature:                      0.0211533655 H         6679.6965 K
MD Kinetic Energy:                   0.0634600964 H            1.7268 eV
Total MD Energy:                    -3.9984967361 H         -108.8046 eV

--------------------------------------------------------------------------------

***  Geometry step: 93

 iSCC Total electronic   Diff electronic      SCC error    
    1   -0.41859167E+01    0.00000000E+00    0.99025062E-02
    2   -0.41859169E+01   -0.28566081E-01    0.76992764E-02
    3   -0.41859174E+01   -0.27896567E-06    0.18358984E-03
    4   -0.41859174E+01   -0.41684660E-06    0.65798314E-04
    5   -0.41859174E+01   -0.59062888E-09    0.16768209E-09

Total Energy:                       -4.0309450547 H         -109.6876 eV
Extrapolated to 0K:                 -4.0309450547 H         -109.6876 eV
Total Mermin free energy:           -4.0309450547 H         -109.6876 eV
Force related energy:               -4.0309450547 H         -109.6876 eV

 TempProfile:          95   9.5004460357391702E-004
MD Temperature:                      0.0111545078 H         3522.3108 K
MD Kinetic Energy:                   0.0334635234 H            0.9106 eV
Total MD Energy:                    -3.9974815313 H         -108.7770 eV

--------------------------------------------------------------------------------

***  Geometry step: 94

 iSCC Total electronic   Diff electronic      SCC error    
    1   -0.42029155E+01    0.00000000E+00    0.33985702E-02
    2   -0.42029156E+01   -0.16998182E-01    0.26506457E-02
    3   -0.42029156E+01   -0.27075908E-07    0.65710963E-04
    4   -0.42029156E+01   -0.40938627E-07    0.44016297E-05

Total Energy:                       -4.0027941973 H         -108.9216 eV
Extrapolated to 0K:                 -4.0027941973 H         -108.9216 eV
Total Mermin free energy:           -4.0027941973 H         -108.9216 eV
Force related energy:               -4.0027941973 H         -108.9216 eV

 TempProfile:          96   9.5004460357391702E-004
MD Temperature:                      0.0028136210 H          888.4702 K
MD Kinetic Energy:                   0.0084408631 H            0.2297 eV
Total MD Energy:                    -3.9943533342 H         -108.6919 eV

--------------------------------------------------------------------------------

***  Geometry step: 95

 iSCC Total electronic   Diff electronic      SCC error    
    1   -0.41978453E+01    0.00000000E+00    0.32617754E-02
    2   -0.41978454E+01    0.50703366E-02    0.24269813E-02
    3   -0.41978455E+01   -0.88681370E-07    0.19424079E-03
    4   -0.41978455E+01   -0.10732464E-06    0.24065453E-05

Total Energy:                       -4.0191930989 H         -109.3678 eV
Extrapolated to 0K:                 -4.0191930989 H         -109.3678 eV
Total Mermin free energy:           -4.0191930989 H         -109.3678 eV
Force related energy:               -4.0191930989 H         -109.3678 eV

 TempProfile:          97   9.5004460357391702E-004
MD Temperature:                      0.0076549379 H         2417.2353 K
MD Kinetic Energy:                   0.0229648137 H            0.6249 eV
Total MD Energy:                    -3.9962282851 H         -108.7429 eV

--------------------------------------------------------------------------------

***  Geometry step: 96

 iSCC Total electronic   Diff electronic      SCC error    
    1   -0.41754926E+01    0.00000000E+00    0.76427597E-02
    2   -0.41754930E+01    0.22352904E-01    0.57532896E-02
    3   -0.41754935E+01   -0.41733716E-06    0.52344138E-03
    4   -0.41754935E+01   -0.54985050E-06    0.22265601E-04
    5   -0.41754935E+01   -0.26651561E-08    0.10466650E-09

Total Energy:                       -4.0572281831 H         -110.4028 eV
Extrapolated to 0K:                 -4.0572281831 H         -110.4028 eV
Total Mermin free energy:           -4.0572281831 H         -110.4028 eV
Force related energy:               -4.0572281831 H         -110.4028 eV

 TempProfile:          98   9.5004460357391702E-004
MD Temperature:                      0.0193977913 H         6125.3307 K
MD Kinetic Energy:                   0.0581933738 H            1.5835 eV
Total MD Energy:                    -3.9990348093 H         -108.8193 eV

--------------------------------------------------------------------------------

***  Geometry step: 97

 iSCC Total electronic   Diff electronic      SCC error    
    1   -0.41487656E+01    0.00000000E+00    0.12346484E-01
    2   -0.41487666E+01    0.26727978E-01    0.94457060E-02
    3   -0.41487681E+01   -0.10513505E-05    0.10750527E-03
    4   -0.41487681E+01   -0.14712635E-05    0.69475774E-04
    5   -0.41487681E+01   -0.88799190E-10    0.26076563E-09

Total Energy:                       -4.0763154027 H         -110.9222 eV
Extrapolated to 0K:                 -4.0763154027 H         -110.9222 eV
Total Mermin free energy:           -4.0763154027 H         -110.9222 eV
Force related energy:               -4.0763154027 H         -110.9222 eV

 TempProfile:          99   9.5004460357391702E-004
MD Temperature:                      0.0257437051 H         8129.2094 K
MD Kinetic Energy:                   0.0772311152 H            2.1016 eV
Total MD Energy:                    -3.9990842874 H         -108.8206 eV

--------------------------------------------------------------------------------

***  Geometry step: 98

 iSCC Total electronic   Diff electronic      SCC error    
    1   -0.41251033E+01    0.00000000E+00    0.18001567E-01
    2   -0.41251061E+01    0.23664758E-01    0.13445101E-01
    3   -0.41251096E+01   -0.27547836E-05    0.78438838E-03
    4   -0.41251096E+01   -0.35038261E-05    0.10297004E-03
    5   -0.41251096E+01   -0.10468337E-07    0.26022018E-08

Total Energy:                       -4.0735373474 H         -110.8466 eV
Extrapolated to 0K:                 -4.0735373474 H         -110.8466 eV
Total Mermin free energy:           -4.0735373474 H         -110.8466 eV
Force related energy:               -4.0735373474 H         -110.8466 eV

 TempProfile:         100   9.5004460357391702E-004
MD Temperature:                      0.0250054287 H         7896.0804 K
MD Kinetic Energy:                   0.0750162861 H            2.0413 eV
Total MD Energy:                    -3.9985210613 H         -108.8053 eV

--------------------------------------------------------------------------------

***  Geometry step: 99

 iSCC Total electronic   Diff electronic      SCC error    
    1   -0.41060571E+01    0.00000000E+00    0.20269729E-01
    2   -0.41060623E+01    0.19052489E-01    0.14706988E-01
    3   -0.41060680E+01   -0.51877554E-05    0.15199744E-02
    4   -0.41060680E+01   -0.56953694E-05    0.88513047E-04
    5   -0.41060680E+01   -0.33308959E-07    0.11071790E-07

Total Energy:                       -4.0596507735 H         -110.4687 eV
Extrapolated to 0K:                 -4.0596507735 H         -110.4687 eV
Total Mermin free energy:           -4.0596507735 H         -110.4687 eV
Force related energy:               -4.0596507735 H         -110.4687 eV

 TempProfile:         101   9.5004460357391702E-004
MD Temperature:                      0.0204664071 H         6462.7725 K
MD Kinetic Energy:                   0.0613992212 H            1.6708 eV
Total MD Energy:                    -3.9982515523 H         -108.7980 eV

--------------------------------------------------------------------------------

***  Geometry step: 100

 iSCC Total electronic   Diff electronic      SCC error    
    1   -0.40907895E+01    0.00000000E+00    0.18819354E-01
    2   -0.40907958E+01    0.15278526E-01    0.13223938E-01
    3   -0.40908018E+01   -0.63314885E-05    0.17609512E-02
    4   -0.40908019E+01   -0.60169546E-05    0.76854523E-04
    5   -0.40908019E+01   -0.40297431E-07    0.18268471E-07

Total Energy:                       -4.0427695961 H         -110.0094 eV
Extrapolated to 0K:                 -4.0427695961 H         -110.0094 eV
Total Mermin free energy:           -4.0427695961 H         -110.0094 eV
Force related energy:               -4.0427695961 H         -110.0094 eV

>> Charges saved for restart in charges.bin
 TempProfile:         102   9.5004460357391702E-004
MD Temperature:                      0.0148635930 H         4693.5459 K
MD Kinetic Energy:                   0.0445907791 H            1.2134 eV
Total MD Energy:                    -3.9981788170 H         -108.7960 eV

--------------------------------------------------------------------------------

***  Geometry step: 101

 iSCC Total electronic   Diff electronic      SCC error    
    1   -0.40780717E+01    0.00000000E+00    0.15041962E-01
    2   -0.40780770E+01    0.12730148E-01    0.10234550E-01
    3   -0.40780814E+01   -0.52885845E-05    0.15470379E-02
    4   -0.40780815E+01   -0.44104991E-05    0.56968517E-04
    5   -0.40780815E+01   -0.30413953E-07    0.14898374E-07

Total Energy:                       -4.0273769666 H         -109.5905 eV
Extrapolated to 0K:                 -4.0273769666 H         -109.5905 eV
Total Mermin free energy:           -4.0273769666 H         -109.5905 eV
Force related energy:               -4.0273769666 H         -109.5905 eV

 TempProfile:         103   9.5004460357391702E-004
MD Temperature:                      0.0097328594 H         3073.3902 K
MD Kinetic Energy:                   0.0291985782 H            0.7945 eV
Total MD Energy:                    -3.9981783884 H         -108.7960 eV

--------------------------------------------------------------------------------

***  Geometry step: 102

 iSCC Total electronic   Diff electronic      SCC error    
    1   -0.40670135E+01    0.00000000E+00    0.10374270E-01
    2   -0.40670165E+01    0.11067977E-01    0.68564964E-02
    3   -0.40670188E+01   -0.30565159E-05    0.10775883E-02
    4   -0.40670189E+01   -0.22863917E-05    0.28819421E-04
    5   -0.40670189E+01   -0.15249906E-07    0.65338797E-08

Total Energy:                       -4.0157162381 H         -109.2732 eV
Extrapolated to 0K:                 -4.0157162381 H         -109.2732 eV
Total Mermin free energy:           -4.0157162381 H         -109.2732 eV
Force related energy:               -4.0157162381 H         -109.2732 eV

 TempProfile:         104   9.5004460357391702E-004
MD Temperature:                      0.0058347906 H         1842.4789 K
MD Kinetic Energy:                   0.0175043717 H            0.4763 eV
Total MD Energy:                    -3.9982118664 H         -108.7969 eV

--------------------------------------------------------------------------------

***  Geometry step: 103

 iSCC Total electronic   Diff electronic      SCC error    
    1   -0.40572710E+01    0.00000000E+00    0.56078535E-02
    2   -0.40572720E+01    0.97478310E-02    0.36207522E-02
    3   -0.40572728E+01   -0.10244942E-05    0.51381537E-03
    4   -0.40572728E+01   -0.70714550E-06    0.68962185E-05

Total Energy:                       -4.0085750397 H         -109.0789 eV
Extrapolated to 0K:                 -4.0085750397 H         -109.0789 eV
Total Mermin free energy:           -4.0085750397 H         -109.0789 eV
Force related energy:               -4.0085750397 H         -109.0789 eV

 TempProfile:         105   9.5004460357391702E-004
MD Temperature:                      0.0034294443 H         1082.9316 K
MD Kinetic Energy:                   0.0102883329 H            0.2800 eV
Total MD Energy:                    -3.9982867067 H         -108.7989 eV

--------------------------------------------------------------------------------

***  Geometry step: 104

 iSCC Total electronic   Diff electronic      SCC error    
    1   -0.40490314E+01    0.00000000E+00    0.12559269E-02
    2   -0.40490315E+01    0.82413322E-02    0.80443252E-03
    3   -0.40490315E+01   -0.44311912E-07    0.35133358E-04
    4   -0.40490315E+01   -0.29081693E-07    0.26374326E-06

Total Energy:                       -4.0055394176 H         -108.9963 eV
Extrapolated to 0K:                 -4.0055394176 H         -108.9963 eV
Total Mermin free energy:           -4.0055394176 H         -108.9963 eV
Force related energy:               -4.0055394176 H         -108.9963 eV

 TempProfile:         106   9.5004460357391702E-004
MD Temperature:                      0.0023911504 H          755.0647 K
MD Kinetic Energy:                   0.0071734513 H            0.1952 eV
Total MD Energy:                    -3.9983659663 H         -108.8011 eV

--------------------------------------------------------------------------------

***  Geometry step: 105

 iSCC Total electronic   Diff electronic      SCC error    
    1   -0.40429192E+01    0.00000000E+00    0.34352961E-02
    2   -0.40429195E+01    0.61123379E-02    0.22162645E-02
    3   -0.40429198E+01   -0.37976032E-06    0.49963889E-03
    4   -0.40429198E+01   -0.26203540E-06    0.16070155E-05

Total Energy:                       -4.0057797665 H         -109.0028 eV
Extrapolated to 0K:                 -4.0057797665 H         -109.0028 eV
Total Mermin free energy:           -4.0057797665 H         -109.0028 eV
Force related energy:               -4.0057797665 H         -109.0028 eV

 TempProfile:         107   9.5004460357391702E-004
MD Temperature:                      0.0024541687 H          774.9643 K
MD Kinetic Energy:                   0.0073625062 H            0.2003 eV
Total MD Energy:                    -3.9984172603 H         -108.8025 eV

--------------------------------------------------------------------------------

***  Geometry step: 106

 iSCC Total electronic   Diff electronic      SCC error    
    1   -0.40397617E+01    0.00000000E+00    0.78820865E-02
    2   -0.40397637E+01    0.31580739E-02    0.51151622E-02
    3   -0.40397651E+01   -0.19565209E-05    0.85012248E-03
    4   -0.40397651E+01   -0.13805022E-05    0.99899388E-05

Total Energy:                       -4.0088021860 H         -109.0851 eV
Extrapolated to 0K:                 -4.0088021860 H         -109.0851 eV
Total Mermin free energy:           -4.0088021860 H         -109.0851 eV
Force related energy:               -4.0088021860 H         -109.0851 eV

 TempProfile:         108   9.5004460357391702E-004
MD Temperature:                      0.0034534727 H         1090.5191 K
MD Kinetic Energy:                   0.0103604182 H            0.2819 eV
Total MD Energy:                    -3.9984417678 H         -108.8031 eV

--------------------------------------------------------------------------------

***  Geometry step: 107

 iSCC Total electronic   Diff electronic      SCC error    
    1   -0.40404092E+01    0.00000000E+00    0.12236546E-01
    2   -0.40404135E+01   -0.64410927E-03    0.80905480E-02
    3   -0.40404167E+01   -0.42812724E-05    0.10332913E-02
    4   -0.40404167E+01   -0.32422768E-05    0.40623193E-04
    5   -0.40404167E+01   -0.20000533E-07    0.10555183E-07

Total Energy:                       -4.0146636071 H         -109.2446 eV
Extrapolated to 0K:                 -4.0146636071 H         -109.2446 eV
Total Mermin free energy:           -4.0146636071 H         -109.2446 eV
Force related energy:               -4.0146636071 H         -109.2446 eV

 TempProfile:         109   9.5004460357391702E-004
MD Temperature:                      0.0053954812 H         1703.7562 K
MD Kinetic Energy:                   0.0161864436 H            0.4405 eV
Total MD Energy:                    -3.9984771634 H         -108.8041 eV

--------------------------------------------------------------------------------

***  Geometry step: 108

 iSCC Total electronic   Diff electronic      SCC error    
    1   -0.40456701E+01    0.00000000E+00    0.16161909E-01
    2   -0.40456765E+01   -0.52533820E-02    0.10972588E-01
    3   -0.40456818E+01   -0.63367043E-05    0.10603153E-02
    4   -0.40456818E+01   -0.53119002E-05    0.70771103E-04
    5   -0.40456818E+01   -0.22653972E-07    0.19022339E-07

Total Energy:                       -4.0236381637 H         -109.4888 eV
Extrapolated to 0K:                 -4.0236381637 H         -109.4888 eV
Total Mermin free energy:           -4.0236381637 H         -109.4888 eV
Force related energy:               -4.0236381637 H         -109.4888 eV

 TempProfile:         110   9.5004460357391702E-004
MD Temperature:                      0.0083534112 H         2637.7955 K
MD Kinetic Energy:                   0.0250602335 H            0.6819 eV
Total MD Energy:                    -3.9985779301 H         -108.8068 eV

--------------------------------------------------------------------------------

***  Geometry step: 109

 iSCC Total electronic   Diff electronic      SCC error    
    1   -0.40562774E+01    0.00000000E+00    0.19030675E-01
    2   -0.40562843E+01   -0.10595637E-01    0.13319118E-01
    3   -0.40562909E+01   -0.69269201E-05    0.97382903E-03
    4   -0.40562909E+01   -0.65525290E-05    0.10573712E-03
    5   -0.40562909E+01   -0.19891315E-07    0.20514185E-07

Total Energy:                       -4.0356756730 H         -109.8163 eV
Extrapolated to 0K:                 -4.0356756730 H         -109.8163 eV
Total Mermin free energy:           -4.0356756730 H         -109.8163 eV
Force related energy:               -4.0356756730 H         -109.8163 eV

 TempProfile:         111   9.5004460357391702E-004
MD Temperature:                      0.0122946988 H         3882.3542 K
MD Kinetic Energy:                   0.0368840964 H            1.0037 eV
Total MD Energy:                    -3.9987915766 H         -108.8127 eV

--------------------------------------------------------------------------------

***  Geometry step: 110

 iSCC Total electronic   Diff electronic      SCC error    
    1   -0.40729925E+01    0.00000000E+00    0.20037836E-01
    2   -0.40729981E+01   -0.16701549E-01    0.14457088E-01
    3   -0.40730041E+01   -0.55959303E-05    0.79591489E-03
    4   -0.40730041E+01   -0.60149828E-05    0.13437818E-03
    5   -0.40730041E+01   -0.13296400E-07    0.13002761E-07

Total Energy:                       -4.0499060435 H         -110.2036 eV
Extrapolated to 0K:                 -4.0499060435 H         -110.2036 eV
Total Mermin free energy:           -4.0499060435 H         -110.2036 eV
Force related energy:               -4.0499060435 H         -110.2036 eV

>> Charges saved for restart in charges.bin
 TempProfile:         112   9.5004460357391702E-004
MD Temperature:                      0.0168962890 H         5335.4197 K
MD Kinetic Energy:                   0.0506888671 H            1.3793 eV
Total MD Energy:                    -3.9992171764 H         -108.8242 eV

--------------------------------------------------------------------------------

***  Geometry step: 111

 iSCC Total electronic   Diff electronic      SCC error    
    1   -0.40966166E+01    0.00000000E+00    0.18373690E-01
    2   -0.40966198E+01   -0.23612531E-01    0.13622001E-01
    3   -0.40966237E+01   -0.31725138E-05    0.51368394E-03
    4   -0.40966237E+01   -0.38577240E-05    0.14213508E-03
    5   -0.40966237E+01   -0.52182747E-08    0.44817599E-08

Total Energy:                       -4.0633781689 H         -110.5701 eV
Extrapolated to 0K:                 -4.0633781689 H         -110.5701 eV
Total Mermin free energy:           -4.0633781689 H         -110.5701 eV
Force related energy:               -4.0633781689 H         -110.5701 eV

 TempProfile:         113   9.5004460357391702E-004
MD Temperature:                      0.0211252156 H         6670.8075 K
MD Kinetic Energy:                   0.0633756469 H            1.7245 eV
Total MD Energy:                    -4.0000025220 H         -108.8456 eV

--------------------------------------------------------------------------------

***  Geometry step: 112

 iSCC Total electronic   Diff electronic      SCC error    
    1   -0.41275218E+01    0.00000000E+00    0.13773578E-01
    2   -0.41275230E+01   -0.30898170E-01    0.10438676E-01
    3   -0.41275246E+01   -0.11569228E-05    0.13376177E-03
    4   -0.41275246E+01   -0.15653091E-05    0.81356173E-04
    5   -0.41275246E+01   -0.23738700E-09    0.46995652E-09

Total Energy:                       -4.0693603671 H         -110.7329 eV
Extrapolated to 0K:                 -4.0693603671 H         -110.7329 eV
Total Mermin free energy:           -4.0693603671 H         -110.7329 eV
Force related energy:               -4.0693603671 H         -110.7329 eV

 TempProfile:         114   9.5004460357391702E-004
MD Temperature:                      0.0227198027 H         7174.3377 K
MD Kinetic Energy:                   0.0681594080 H            1.8547 eV
Total MD Energy:                    -4.0012009590 H         -108.8782 eV

--------------------------------------------------------------------------------

***  Geometry step: 113

 iSCC Total electronic   Diff electronic      SCC error    
    1   -0.41639923E+01    0.00000000E+00    0.73974373E-02
    2   -0.41639926E+01   -0.36467778E-01    0.56990716E-02
    3   -0.41639930E+01   -0.27472325E-06    0.20232788E-03
    4   -0.41639930E+01   -0.38794307E-06    0.31109944E-04
    5   -0.41639930E+01   -0.71835871E-09    0.89404484E-10

Total Energy:                       -4.0577784782 H         -110.4178 eV
Extrapolated to 0K:                 -4.0577784782 H         -110.4178 eV
Total Mermin free energy:           -4.0577784782 H         -110.4178 eV
Force related energy:               -4.0577784782 H         -110.4178 eV

 TempProfile:         115   9.5004460357391702E-004
MD Temperature:                      0.0185884326 H         5869.7558 K
MD Kinetic Energy:                   0.0557652978 H            1.5175 eV
Total MD Energy:                    -4.0020131804 H         -108.9003 eV

--------------------------------------------------------------------------------

***  Geometry step: 114

 iSCC Total electronic   Diff electronic      SCC error    
    1   -0.41990578E+01    0.00000000E+00    0.27495816E-02
    2   -0.41990578E+01   -0.35064793E-01    0.20606629E-02
    3   -0.41990579E+01   -0.59381264E-07    0.16243921E-03
    4   -0.41990579E+01   -0.76331117E-07    0.13851095E-05

Total Energy:                       -4.0283122924 H         -109.6160 eV
Extrapolated to 0K:                 -4.0283122924 H         -109.6160 eV
Total Mermin free energy:           -4.0283122924 H         -109.6160 eV
Force related energy:               -4.0283122924 H         -109.6160 eV

 TempProfile:         116   9.5004460357391702E-004
MD Temperature:                      0.0093379263 H         2948.6804 K
MD Kinetic Energy:                   0.0280137790 H            0.7623 eV
Total MD Energy:                    -4.0002985135 H         -108.8537 eV

--------------------------------------------------------------------------------

***  Geometry step: 115

 iSCC Total electronic   Diff electronic      SCC error    
    1   -0.42199808E+01    0.00000000E+00    0.21771210E-02
    2   -0.42199808E+01   -0.20922911E-01    0.16906710E-02
    3   -0.42199809E+01   -0.11667859E-07    0.33463921E-04
    4   -0.42199809E+01   -0.17556403E-07    0.33309603E-05

Total Energy:                       -4.0129314912 H         -109.1974 eV
Extrapolated to 0K:                 -4.0129314912 H         -109.1974 eV
Total Mermin free energy:           -4.0129314912 H         -109.1974 eV
Force related energy:               -4.0129314912 H         -109.1974 eV

 TempProfile:         117   9.5004460357391702E-004
MD Temperature:                      0.0048465692 H         1530.4237 K
MD Kinetic Energy:                   0.0145397077 H            0.3956 eV
Total MD Energy:                    -3.9983917835 H         -108.8018 eV

--------------------------------------------------------------------------------

***  Geometry step: 116

 iSCC Total electronic   Diff electronic      SCC error    
    1   -0.42189822E+01    0.00000000E+00    0.54089580E-02
    2   -0.42189824E+01    0.99861995E-03    0.42021210E-02
    3   -0.42189826E+01   -0.12630314E-06    0.17145623E-03
    4   -0.42189826E+01   -0.18467800E-06    0.17538501E-04
    5   -0.42189826E+01   -0.27800873E-09    0.11767476E-10

Total Energy:                       -4.0363350589 H         -109.8343 eV
Extrapolated to 0K:                 -4.0363350589 H         -109.8343 eV
Total Mermin free energy:           -4.0363350589 H         -109.8343 eV
Force related energy:               -4.0363350589 H         -109.8343 eV

 TempProfile:         118   9.5004460357391702E-004
MD Temperature:                      0.0117227533 H         3701.7483 K
MD Kinetic Energy:                   0.0351682598 H            0.9570 eV
Total MD Energy:                    -4.0011667990 H         -108.8773 eV

--------------------------------------------------------------------------------

***  Geometry step: 117

 iSCC Total electronic   Diff electronic      SCC error    
    1   -0.42021613E+01    0.00000000E+00    0.99827709E-02
    2   -0.42021618E+01    0.16821222E-01    0.76813050E-02
    3   -0.42021624E+01   -0.44779746E-06    0.55373954E-04
    4   -0.42021624E+01   -0.65225295E-06    0.39360196E-04
    5   -0.42021624E+01   -0.17334578E-10    0.11786838E-09

Total Energy:                       -4.0641954268 H         -110.5924 eV
Extrapolated to 0K:                 -4.0641954268 H         -110.5924 eV
Total Mermin free energy:           -4.0641954268 H         -110.5924 eV
Force related energy:               -4.0641954268 H         -110.5924 eV

 TempProfile:         119   9.5004460357391702E-004
MD Temperature:                      0.0204283541 H         6450.7563 K
MD Kinetic Energy:                   0.0612850623 H            1.6677 eV
Total MD Energy:                    -4.0029103645 H         -108.9247 eV

--------------------------------------------------------------------------------

***  Geometry step: 118

 iSCC Total electronic   Diff electronic      SCC error    
    1   -0.41792119E+01    0.00000000E+00    0.15935880E-01
    2   -0.41792135E+01    0.22950528E-01    0.12047521E-01
    3   -0.41792155E+01   -0.15606314E-05    0.59849929E-03
    4   -0.41792155E+01   -0.20700901E-05    0.12398347E-03
    5   -0.41792155E+01   -0.35713050E-08    0.11469380E-08

Total Energy:                       -4.0702457105 H         -110.7570 eV
Extrapolated to 0K:                 -4.0702457105 H         -110.7570 eV
Total Mermin free energy:           -4.0702457105 H         -110.7570 eV
Force related energy:               -4.0702457105 H         -110.7570 eV

 TempProfile:         120   9.5004460357391702E-004
MD Temperature:                      0.0226178117 H         7142.1315 K
MD Kinetic Energy:                   0.0678534351 H            1.8464 eV
Total MD Energy:                    -4.0023922754 H         -108.9106 eV

--------------------------------------------------------------------------------

***  Geometry step: 119

 iSCC Total electronic   Diff electronic      SCC error    
    1   -0.41543828E+01    0.00000000E+00    0.20923432E-01
    2   -0.41543872E+01    0.24832733E-01    0.15436143E-01
    3   -0.41543923E+01   -0.43827210E-05    0.96801764E-03
    4   -0.41543923E+01   -0.51220936E-05    0.17275579E-03
    5   -0.41543923E+01   -0.89130321E-08    0.67991839E-08

Total Energy:                       -4.0614700840 H         -110.5182 eV
Extrapolated to 0K:                 -4.0614700840 H         -110.5182 eV
Total Mermin free energy:           -4.0614700840 H         -110.5182 eV
Force related energy:               -4.0614700840 H         -110.5182 eV

 TempProfile:         121   9.5004460357391702E-004
MD Temperature:                      0.0199136739 H         6288.2334 K
MD Kinetic Energy:                   0.0597410217 H            1.6256 eV
Total MD Energy:                    -4.0017290623 H         -108.8926 eV

--------------------------------------------------------------------------------

***  Geometry step: 120

 iSCC Total electronic   Diff electronic      SCC error    
    1   -0.41285529E+01    0.00000000E+00    0.23184023E-01
    2   -0.41285612E+01    0.25839460E-01    0.16594824E-01
    3   -0.41285698E+01   -0.83730042E-05    0.86214717E-03
    4   -0.41285698E+01   -0.85940616E-05    0.22566292E-03
    5   -0.41285698E+01   -0.78514439E-08    0.19525836E-07

Total Energy:                       -4.0501887580 H         -110.2112 eV
Extrapolated to 0K:                 -4.0501887580 H         -110.2112 eV
Total Mermin free energy:           -4.0501887580 H         -110.2112 eV
Force related energy:               -4.0501887580 H         -110.2112 eV

>> Charges saved for restart in charges.bin
 TempProfile:         122   9.5004460357391702E-004
MD Temperature:                      0.0161823194 H         5109.9662 K
MD Kinetic Energy:                   0.0485469582 H            1.3210 eV
Total MD Energy:                    -4.0016417997 H         -108.8902 eV

--------------------------------------------------------------------------------

***  Geometry step: 121

 iSCC Total electronic   Diff electronic      SCC error    
    1   -0.41026316E+01    0.00000000E+00    0.24814375E-01
    2   -0.41026433E+01    0.25938245E-01    0.17001841E-01
    3   -0.41026539E+01   -0.11725098E-04    0.35880782E-03
    4   -0.41026539E+01   -0.10598101E-04    0.20832684E-03
    5   -0.41026539E+01   -0.13488064E-08    0.31243176E-07

Total Energy:                       -4.0410634649 H         -109.9629 eV
Extrapolated to 0K:                 -4.0410634649 H         -109.9629 eV
Total Mermin free energy:           -4.0410634649 H         -109.9629 eV
Force related energy:               -4.0410634649 H         -109.9629 eV

 TempProfile:         123   9.5004460357391702E-004
MD Temperature:                      0.0130578686 H         4123.3439 K
MD Kinetic Energy:                   0.0391736058 H            1.0660 eV
Total MD Energy:                    -4.0018898591 H         -108.8970 eV

--------------------------------------------------------------------------------

***  Geometry step: 122

 iSCC Total electronic   Diff electronic      SCC error    
    1   -0.40783053E+01    0.00000000E+00    0.25750757E-01
    2   -0.40783184E+01    0.24348608E-01    0.17312890E-01
    3   -0.40783289E+01   -0.13048359E-04    0.34469199E-03
    4   -0.40783289E+01   -0.10524822E-04    0.18610628E-03
    5   -0.40783289E+01   -0.12184431E-08    0.32744686E-07

Total Energy:                       -4.0332944345 H         -109.7515 eV
Extrapolated to 0K:                 -4.0332944345 H         -109.7515 eV
Total Mermin free energy:           -4.0332944345 H         -109.7515 eV
Force related energy:               -4.0332944345 H         -109.7515 eV

 TempProfile:         124   9.5004460357391702E-004
MD Temperature:                      0.0103984106 H         3283.5544 K
MD Kinetic Energy:                   0.0311952318 H            0.8489 eV
Total MD Energy:                    -4.0020992027 H         -108.9027 eV

--------------------------------------------------------------------------------

***  Geometry step: 123

 iSCC Total electronic   Diff electronic      SCC error    
    1   -0.40572981E+01    0.00000000E+00    0.24798008E-01
    2   -0.40573100E+01    0.21030743E-01    0.16461440E-01
    3   -0.40573188E+01   -0.11855414E-04    0.99981914E-03
    4   -0.40573188E+01   -0.87663358E-05    0.13677407E-03
    5   -0.40573188E+01   -0.21256259E-07    0.21455030E-07

Total Energy:                       -4.0257336580 H         -109.5458 eV
Extrapolated to 0K:                 -4.0257336580 H         -109.5458 eV
Total Mermin free energy:           -4.0257336580 H         -109.5458 eV
Force related energy:               -4.0257336580 H         -109.5458 eV

 TempProfile:         125   9.5004460357391702E-004
MD Temperature:                      0.0078548402 H         2480.3594 K
MD Kinetic Energy:                   0.0235645206 H            0.6412 eV
Total MD Energy:                    -4.0021691374 H         -108.9046 eV

--------------------------------------------------------------------------------

***  Geometry step: 124

 iSCC Total electronic   Diff electronic      SCC error    
    1   -0.40407612E+01    0.00000000E+00    0.21758907E-01
    2   -0.40407698E+01    0.16557562E-01    0.14368455E-01
    3   -0.40407759E+01   -0.85644126E-05    0.13739301E-02
    4   -0.40407759E+01   -0.60653110E-05    0.78465411E-04
    5   -0.40407759E+01   -0.54479361E-07    0.92033829E-08

Total Energy:                       -4.0187132846 H         -109.3548 eV
Extrapolated to 0K:                 -4.0187132846 H         -109.3548 eV
Total Mermin free energy:           -4.0187132846 H         -109.3548 eV
Force related energy:               -4.0187132846 H         -109.3548 eV

 TempProfile:         126   9.5004460357391702E-004
MD Temperature:                      0.0055180067 H         1742.4466 K
MD Kinetic Energy:                   0.0165540202 H            0.4505 eV
Total MD Energy:                    -4.0021592645 H         -108.9043 eV

--------------------------------------------------------------------------------

***  Geometry step: 125

 iSCC Total electronic   Diff electronic      SCC error    
    1   -0.40292547E+01    0.00000000E+00    0.16582110E-01
    2   -0.40292592E+01    0.11521258E-01    0.11005416E-01
    3   -0.40292624E+01   -0.45010304E-05    0.13184133E-02
    4   -0.40292625E+01   -0.32936616E-05    0.40594644E-04
    5   -0.40292625E+01   -0.71179915E-07    0.17481181E-08

Total Energy:                       -4.0133708630 H         -109.2094 eV
Extrapolated to 0K:                 -4.0133708630 H         -109.2094 eV
Total Mermin free energy:           -4.0133708630 H         -109.2094 eV
Force related energy:               -4.0133708630 H         -109.2094 eV

 TempProfile:         127   9.5004460357391702E-004
MD Temperature:                      0.0037473478 H         1183.3174 K
MD Kinetic Energy:                   0.0112420433 H            0.3059 eV
Total MD Energy:                    -4.0021288197 H         -108.9035 eV

--------------------------------------------------------------------------------

***  Geometry step: 126

 iSCC Total electronic   Diff electronic      SCC error    
    1   -0.40229946E+01    0.00000000E+00    0.10065546E-01
    2   -0.40229960E+01    0.62679587E-02    0.73056845E-02
    3   -0.40229974E+01   -0.14905669E-05    0.97688767E-03
    4   -0.40229975E+01   -0.13806196E-05    0.17891850E-04
    5   -0.40229975E+01   -0.39744317E-07    0.80032148E-09

Total Energy:                       -4.0108478429 H         -109.1407 eV
Extrapolated to 0K:                 -4.0108478429 H         -109.1407 eV
Total Mermin free energy:           -4.0108478429 H         -109.1407 eV
Force related energy:               -4.0108478429 H         -109.1407 eV

 TempProfile:         128   9.5004460357391702E-004
MD Temperature:                      0.0029152265 H          920.5546 K
MD Kinetic Energy:                   0.0087456795 H            0.2380 eV
Total MD Energy:                    -4.0021021633 H         -108.9027 eV

--------------------------------------------------------------------------------

***  Geometry step: 127

 iSCC Total electronic   Diff electronic      SCC error    
    1   -0.40220944E+01    0.00000000E+00    0.78805967E-02
    2   -0.40220954E+01    0.90309006E-03    0.58665046E-02
    3   -0.40220964E+01   -0.98618174E-06    0.61359233E-03
    4   -0.40220965E+01   -0.10739419E-05    0.42123965E-05

Total Energy:                       -4.0120207236 H         -109.1726 eV
Extrapolated to 0K:                 -4.0120207236 H         -109.1726 eV
Total Mermin free energy:           -4.0120207236 H         -109.1726 eV
Force related energy:               -4.0120207236 H         -109.1726 eV

 TempProfile:         129   9.5004460357391702E-004
MD Temperature:                      0.0033057690 H         1043.8780 K
MD Kinetic Energy:                   0.0099173069 H            0.2699 eV
Total MD Energy:                    -4.0021034167 H         -108.9028 eV

--------------------------------------------------------------------------------

***  Geometry step: 128

 iSCC Total electronic   Diff electronic      SCC error    
    1   -0.40266850E+01    0.00000000E+00    0.12443858E-01
    2   -0.40266882E+01   -0.45885699E-02    0.85442903E-02
    3   -0.40266909E+01   -0.31837437E-05    0.13260467E-02
    4   -0.40266909E+01   -0.26598157E-05    0.22614422E-04
    5   -0.40266909E+01   -0.44265575E-07    0.46893858E-08

Total Energy:                       -4.0173667396 H         -109.3181 eV
Extrapolated to 0K:                 -4.0173667396 H         -109.3181 eV
Total Mermin free energy:           -4.0173667396 H         -109.3181 eV
Force related energy:               -4.0173667396 H         -109.3181 eV

 TempProfile:         130   9.5004460357391702E-004
MD Temperature:                      0.0050704338 H         1601.1144 K
MD Kinetic Energy:                   0.0152113013 H            0.4139 eV
Total MD Energy:                    -4.0021554384 H         -108.9042 eV

--------------------------------------------------------------------------------

***  Geometry step: 129

 iSCC Total electronic   Diff electronic      SCC error    
    1   -0.40369903E+01    0.00000000E+00    0.17468668E-01
    2   -0.40369969E+01   -0.10299342E-01    0.12092016E-01
    3   -0.40370025E+01   -0.66323958E-05    0.13614292E-02
    4   -0.40370025E+01   -0.56025092E-05    0.62872678E-04
    5   -0.40370025E+01   -0.44820439E-07    0.12588482E-07

Total Energy:                       -4.0268735835 H         -109.5768 eV
Extrapolated to 0K:                 -4.0268735835 H         -109.5768 eV
Total Mermin free energy:           -4.0268735835 H         -109.5768 eV
Force related energy:               -4.0268735835 H         -109.5768 eV

 TempProfile:         131   9.5004460357391702E-004
MD Temperature:                      0.0081920944 H         2586.8557 K
MD Kinetic Energy:                   0.0245762831 H            0.6688 eV
Total MD Energy:                    -4.0022973005 H         -108.9081 eV

--------------------------------------------------------------------------------

***  Geometry step: 130

 iSCC Total electronic   Diff electronic      SCC error    
    1   -0.40533928E+01    0.00000000E+00    0.22502869E-01
    2   -0.40534017E+01   -0.16390259E-01    0.15310218E-01
    3   -0.40534099E+01   -0.89536212E-05    0.13524434E-02
    4   -0.40534100E+01   -0.81780661E-05    0.11110798E-03
    5   -0.40534100E+01   -0.42817741E-07    0.17497843E-07

Total Energy:                       -4.0398114751 H         -109.9289 eV
Extrapolated to 0K:                 -4.0398114751 H         -109.9289 eV
Total Mermin free energy:           -4.0398114751 H         -109.9289 eV
Force related energy:               -4.0398114751 H         -109.9289 eV

>> Charges saved for restart in charges.bin
 TempProfile:         132   9.5004460357391702E-004
MD Temperature:                      0.0124084687 H         3918.2798 K
MD Kinetic Energy:                   0.0372254062 H            1.0130 eV
Total MD Energy:                    -4.0025860688 H         -108.9159 eV

--------------------------------------------------------------------------------

***  Geometry step: 131

 iSCC Total electronic   Diff electronic      SCC error    
    1   -0.40764686E+01    0.00000000E+00    0.26196516E-01
    2   -0.40764771E+01   -0.23058656E-01    0.18386009E-01
    3   -0.40764857E+01   -0.85183197E-05    0.13157972E-02
    4   -0.40764857E+01   -0.85308000E-05    0.14966541E-03
    5   -0.40764857E+01   -0.37363622E-07    0.14464164E-07

Total Energy:                       -4.0541371399 H         -110.3187 eV
Extrapolated to 0K:                 -4.0541371399 H         -110.3187 eV
Total Mermin free energy:           -4.0541371399 H         -110.3187 eV
Force related energy:               -4.0541371399 H         -110.3187 eV

 TempProfile:         133   9.5004460357391702E-004
MD Temperature:                      0.0170021081 H         5368.8347 K
MD Kinetic Energy:                   0.0510063244 H            1.3880 eV
Total MD Energy:                    -4.0031308155 H         -108.9307 eV

--------------------------------------------------------------------------------

***  Geometry step: 132

 iSCC Total electronic   Diff electronic      SCC error    
    1   -0.41067683E+01    0.00000000E+00    0.25878291E-01
    2   -0.41067741E+01   -0.30282597E-01    0.18648411E-01
    3   -0.41067805E+01   -0.58160639E-05    0.11370283E-02
    4   -0.41067805E+01   -0.63473512E-05    0.16785531E-03
    5   -0.41067805E+01   -0.24613916E-07    0.74715505E-08

Total Energy:                       -4.0653831794 H         -110.6247 eV
Extrapolated to 0K:                 -4.0653831794 H         -110.6247 eV
Total Mermin free energy:           -4.0653831794 H         -110.6247 eV
Force related energy:               -4.0653831794 H         -110.6247 eV

 TempProfile:         134   9.5004460357391702E-004
MD Temperature:                      0.0204647972 H         6462.2641 K
MD Kinetic Energy:                   0.0613943917 H            1.6706 eV
Total MD Energy:                    -4.0039887877 H         -108.9541 eV

--------------------------------------------------------------------------------

***  Geometry step: 133

 iSCC Total electronic   Diff electronic      SCC error    
    1   -0.41438849E+01    0.00000000E+00    0.21676451E-01
    2   -0.41438878E+01   -0.37104445E-01    0.15943440E-01
    3   -0.41438912E+01   -0.29048699E-05    0.77873776E-03
    4   -0.41438912E+01   -0.33951017E-05    0.16040100E-03
    5   -0.41438912E+01   -0.98023616E-08    0.25955531E-08

Total Energy:                       -4.0660863799 H         -110.6438 eV
Extrapolated to 0K:                 -4.0660863799 H         -110.6438 eV
Total Mermin free energy:           -4.0660863799 H         -110.6438 eV
Force related energy:               -4.0660863799 H         -110.6438 eV

 TempProfile:         135   9.5004460357391702E-004
MD Temperature:                      0.0203745780 H         6433.7752 K
MD Kinetic Energy:                   0.0611237341 H            1.6633 eV
Total MD Energy:                    -4.0049626459 H         -108.9806 eV

--------------------------------------------------------------------------------

***  Geometry step: 134

 iSCC Total electronic   Diff electronic      SCC error    
    1   -0.41842801E+01    0.00000000E+00    0.15461346E-01
    2   -0.41842813E+01   -0.40388869E-01    0.11522414E-01
    3   -0.41842827E+01   -0.11788090E-05    0.34588270E-03
    4   -0.41842827E+01   -0.14469291E-05    0.13063948E-03
    5   -0.41842827E+01   -0.14408785E-08    0.54398619E-09

Total Energy:                       -4.0498743474 H         -110.2027 eV
Extrapolated to 0K:                 -4.0498743474 H         -110.2027 eV
Total Mermin free energy:           -4.0498743474 H         -110.2027 eV
Force related energy:               -4.0498743474 H         -110.2027 eV

 TempProfile:         136   9.5004460357391702E-004
MD Temperature:                      0.0149901085 H         4733.4962 K
MD Kinetic Energy:                   0.0449703254 H            1.2237 eV
Total MD Energy:                    -4.0049040220 H         -108.9790 eV

--------------------------------------------------------------------------------

***  Geometry step: 135

 iSCC Total electronic   Diff electronic      SCC error    
    1   -0.42189313E+01    0.00000000E+00    0.98439292E-02
    2   -0.42189318E+01   -0.34648593E-01    0.73764166E-02
    3   -0.42189325E+01   -0.50311861E-06    0.26653114E-04
    4   -0.42189325E+01   -0.64634098E-06    0.20469996E-04
    5   -0.42189325E+01   -0.22239988E-11    0.16172841E-10

Total Energy:                       -4.0262849531 H         -109.5608 eV
Extrapolated to 0K:                 -4.0262849531 H         -109.5608 eV
Total Mermin free energy:           -4.0262849531 H         -109.5608 eV
Force related energy:               -4.0262849531 H         -109.5608 eV

 TempProfile:         137   9.5004460357391702E-004
MD Temperature:                      0.0076976432 H         2430.7206 K
MD Kinetic Energy:                   0.0230929295 H            0.6284 eV
Total MD Energy:                    -4.0031920236 H         -108.9324 eV

--------------------------------------------------------------------------------

***  Geometry step: 136

 iSCC Total electronic   Diff electronic      SCC error    
    1   -0.42362778E+01    0.00000000E+00    0.75795486E-02
    2   -0.42362780E+01   -0.17345272E-01    0.57836064E-02
    3   -0.42362784E+01   -0.26421059E-06    0.27047181E-03
    4   -0.42362784E+01   -0.36206244E-06    0.47474939E-04
    5   -0.42362784E+01   -0.43708681E-09    0.41805670E-10

Total Energy:                       -4.0221534417 H         -109.4484 eV
Extrapolated to 0K:                 -4.0221534417 H         -109.4484 eV
Total Mermin free energy:           -4.0221534417 H         -109.4484 eV
Force related energy:               -4.0221534417 H         -109.4484 eV

 TempProfile:         138   9.5004460357391702E-004
MD Temperature:                      0.0063174057 H         1994.8766 K
MD Kinetic Energy:                   0.0189522170 H            0.5157 eV
Total MD Energy:                    -4.0032012246 H         -108.9326 eV

--------------------------------------------------------------------------------

***  Geometry step: 137

 iSCC Total electronic   Diff electronic      SCC error    
    1   -0.42320898E+01    0.00000000E+00    0.70484738E-02
    2   -0.42320900E+01    0.41886180E-02    0.54431252E-02
    3   -0.42320903E+01   -0.19536790E-06    0.12575047E-03
    4   -0.42320903E+01   -0.29164675E-06    0.48993925E-04
    5   -0.42320903E+01   -0.10286438E-09    0.12528645E-10

Total Energy:                       -4.0390589904 H         -109.9084 eV
Extrapolated to 0K:                 -4.0390589904 H         -109.9084 eV
Total Mermin free energy:           -4.0390589904 H         -109.9084 eV
Force related energy:               -4.0390589904 H         -109.9084 eV

 TempProfile:         139   9.5004460357391702E-004
MD Temperature:                      0.0113644773 H         3588.6138 K
MD Kinetic Energy:                   0.0340934318 H            0.9277 eV
Total MD Energy:                    -4.0049655586 H         -108.9807 eV

--------------------------------------------------------------------------------

***  Geometry step: 138

 iSCC Total electronic   Diff electronic      SCC error    
    1   -0.42113164E+01    0.00000000E+00    0.95504687E-02
    2   -0.42113168E+01    0.20773847E-01    0.73118583E-02
    3   -0.42113174E+01   -0.40660817E-06    0.30530349E-03
    4   -0.42113174E+01   -0.57835203E-06    0.66315251E-04
    5   -0.42113174E+01   -0.85821927E-09    0.10081314E-09

Total Energy:                       -4.0544594544 H         -110.3275 eV
Extrapolated to 0K:                 -4.0544594544 H         -110.3275 eV
Total Mermin free energy:           -4.0544594544 H         -110.3275 eV
Force related energy:               -4.0544594544 H         -110.3275 eV

 TempProfile:         140   9.5004460357391702E-004
MD Temperature:                      0.0163786825 H         5171.9727 K
MD Kinetic Energy:                   0.0491360475 H            1.3371 eV
Total MD Energy:                    -4.0053234068 H         -108.9904 eV

--------------------------------------------------------------------------------

***  Geometry step: 139

 iSCC Total electronic   Diff electronic      SCC error    
    1   -0.41807173E+01    0.00000000E+00    0.12326870E-01
    2   -0.41807183E+01    0.30600132E-01    0.92588744E-02
    3   -0.41807197E+01   -0.10596428E-05    0.57685564E-03
    4   -0.41807197E+01   -0.13472228E-05    0.94478840E-04
    5   -0.41807197E+01   -0.28246214E-08    0.75115758E-09

Total Energy:                       -4.0616746918 H         -110.5238 eV
Extrapolated to 0K:                 -4.0616746918 H         -110.5238 eV
Total Mermin free energy:           -4.0616746918 H         -110.5238 eV
Force related energy:               -4.0616746918 H         -110.5238 eV

 TempProfile:         141   9.5004460357391702E-004
MD Temperature:                      0.0188141210 H         5941.0224 K
MD Kinetic Energy:                   0.0564423630 H            1.5359 eV
Total MD Energy:                    -4.0052323288 H         -108.9879 eV

--------------------------------------------------------------------------------

***  Geometry step: 140

 iSCC Total electronic   Diff electronic      SCC error    
    1   -0.41460039E+01    0.00000000E+00    0.13460568E-01
    2   -0.41460059E+01    0.34715784E-01    0.98729720E-02
    3   -0.41460083E+01   -0.20478024E-05    0.50223581E-03
    4   -0.41460083E+01   -0.23302627E-05    0.13127866E-03
    5   -0.41460083E+01   -0.25524631E-08    0.21550518E-08

Total Energy:                       -4.0629392207 H         -110.5582 eV
Extrapolated to 0K:                 -4.0629392207 H         -110.5582 eV
Total Mermin free energy:           -4.0629392207 H         -110.5582 eV
Force related energy:               -4.0629392207 H         -110.5582 eV

>> Charges saved for restart in charges.bin
 TempProfile:         142   9.5004460357391702E-004
MD Temperature:                      0.0191666376 H         6052.3382 K
MD Kinetic Energy:                   0.0574999129 H            1.5647 eV
Total MD Energy:                    -4.0054393078 H         -108.9935 eV

--------------------------------------------------------------------------------

***  Geometry step: 141

 iSCC Total electronic   Diff electronic      SCC error    
    1   -0.41119376E+01    0.00000000E+00    0.15790940E-01
    2   -0.41119408E+01    0.34070628E-01    0.11200087E-01
    3   -0.41119441E+01   -0.31850444E-05    0.12149230E-03
    4   -0.41119441E+01   -0.32572655E-05    0.85047737E-04
    5   -0.41119441E+01   -0.13340085E-09    0.40593715E-08

Total Energy:                       -4.0583064041 H         -110.4321 eV
Extrapolated to 0K:                 -4.0583064041 H         -110.4321 eV
Total Mermin free energy:           -4.0583064041 H         -110.4321 eV
Force related energy:               -4.0583064041 H         -110.4321 eV

 TempProfile:         143   9.5004460357391702E-004
MD Temperature:                      0.0175742560 H         5549.5045 K
MD Kinetic Energy:                   0.0527227681 H            1.4347 eV
Total MD Energy:                    -4.0055836360 H         -108.9975 eV

--------------------------------------------------------------------------------

***  Geometry step: 142

 iSCC Total electronic   Diff electronic      SCC error    
    1   -0.40817986E+01    0.00000000E+00    0.18163307E-01
    2   -0.40818027E+01    0.30145529E-01    0.12706052E-01
    3   -0.40818066E+01   -0.41693277E-05    0.34829415E-03
    4   -0.40818066E+01   -0.38937581E-05    0.13733443E-03
    5   -0.40818066E+01   -0.22761881E-08    0.44666129E-08

Total Energy:                       -4.0486212768 H         -110.1686 eV
Extrapolated to 0K:                 -4.0486212768 H         -110.1686 eV
Total Mermin free energy:           -4.0486212768 H         -110.1686 eV
Force related energy:               -4.0486212768 H         -110.1686 eV

 TempProfile:         144   9.5004460357391702E-004
MD Temperature:                      0.0143507257 H         4531.5954 K
MD Kinetic Energy:                   0.0430521772 H            1.1715 eV
Total MD Energy:                    -4.0055690996 H         -108.9971 eV

--------------------------------------------------------------------------------

***  Geometry step: 143

 iSCC Total electronic   Diff electronic      SCC error    
    1   -0.40572191E+01    0.00000000E+00    0.18555080E-01
    2   -0.40572235E+01    0.24587539E-01    0.12816055E-01
    3   -0.40572274E+01   -0.44292548E-05    0.67389271E-03
    4   -0.40572274E+01   -0.38857252E-05    0.93850264E-04
    5   -0.40572274E+01   -0.14465403E-07    0.28557379E-08

Total Energy:                       -4.0366389422 H         -109.8425 eV
Extrapolated to 0K:                 -4.0366389422 H         -109.8425 eV
Total Mermin free energy:           -4.0366389422 H         -109.8425 eV
Force related energy:               -4.0366389422 H         -109.8425 eV

 TempProfile:         145   9.5004460357391702E-004
MD Temperature:                      0.0103751246 H         3276.2013 K
MD Kinetic Energy:                   0.0311253739 H            0.8470 eV
Total MD Energy:                    -4.0055135683 H         -108.9956 eV

--------------------------------------------------------------------------------

***  Geometry step: 144

 iSCC Total electronic   Diff electronic      SCC error    
    1   -0.40387239E+01    0.00000000E+00    0.16239096E-01
    2   -0.40387274E+01    0.18503558E-01    0.11110607E-01
    3   -0.40387304E+01   -0.35212030E-05    0.74415712E-03
    4   -0.40387304E+01   -0.30217955E-05    0.62495435E-04
    5   -0.40387304E+01   -0.24929109E-07    0.11425270E-08

Total Energy:                       -4.0252901237 H         -109.5337 eV
Extrapolated to 0K:                 -4.0252901237 H         -109.5337 eV
Total Mermin free energy:           -4.0252901237 H         -109.5337 eV
Force related energy:               -4.0252901237 H         -109.5337 eV

 TempProfile:         146   9.5004460357391702E-004
MD Temperature:                      0.0066076315 H         2086.5225 K
MD Kinetic Energy:                   0.0198228944 H            0.5394 eV
Total MD Energy:                    -4.0054672294 H         -108.9943 eV

--------------------------------------------------------------------------------

***  Geometry step: 145

 iSCC Total electronic   Diff electronic      SCC error    
    1   -0.40263283E+01    0.00000000E+00    0.11219057E-01
    2   -0.40263301E+01    0.12402167E-01    0.76642157E-02
    3   -0.40263318E+01   -0.18584735E-05    0.68679511E-03
    4   -0.40263318E+01   -0.16776850E-05    0.34986524E-04
    5   -0.40263318E+01   -0.20494843E-07    0.10223579E-08

Total Energy:                       -4.0167105187 H         -109.3003 eV
Extrapolated to 0K:                 -4.0167105187 H         -109.3003 eV
Total Mermin free energy:           -4.0167105187 H         -109.3003 eV
Force related energy:               -4.0167105187 H         -109.3003 eV

 TempProfile:         147   9.5004460357391702E-004
MD Temperature:                      0.0037589023 H         1186.9661 K
MD Kinetic Energy:                   0.0112767070 H            0.3069 eV
Total MD Energy:                    -4.0054338118 H         -108.9934 eV

--------------------------------------------------------------------------------

***  Geometry step: 146

 iSCC Total electronic   Diff electronic      SCC error    
    1   -0.40199186E+01    0.00000000E+00    0.70863327E-02
    2   -0.40199193E+01    0.64132160E-02    0.51028415E-02
    3   -0.40199201E+01   -0.71959327E-06    0.16940815E-03
    4   -0.40199201E+01   -0.77909577E-06    0.12486425E-04
    5   -0.40199201E+01   -0.12579324E-08    0.44204795E-09

Total Energy:                       -4.0121941546 H         -109.1774 eV
Extrapolated to 0K:                 -4.0121941546 H         -109.1774 eV
Total Mermin free energy:           -4.0121941546 H         -109.1774 eV
Force related energy:               -4.0121941546 H         -109.1774 eV

 TempProfile:         148   9.5004460357391702E-004
MD Temperature:                      0.0022594287 H          713.4703 K
MD Kinetic Energy:                   0.0067782860 H            0.1844 eV
Total MD Energy:                    -4.0054158685 H         -108.9929 eV

--------------------------------------------------------------------------------

***  Geometry step: 147

 iSCC Total electronic   Diff electronic      SCC error    
    1   -0.40194322E+01    0.00000000E+00    0.77675045E-02
    2   -0.40194335E+01    0.48786011E-03    0.53825128E-02
    3   -0.40194346E+01   -0.12403678E-05    0.55195794E-03
    4   -0.40194346E+01   -0.11480217E-05    0.70476194E-05

Total Energy:                       -4.0123995449 H         -109.1829 eV
Extrapolated to 0K:                 -4.0123995449 H         -109.1829 eV
Total Mermin free energy:           -4.0123995449 H         -109.1829 eV
Force related energy:               -4.0123995449 H         -109.1829 eV

 TempProfile:         149   9.5004460357391702E-004
MD Temperature:                      0.0023265308 H          734.6594 K
MD Kinetic Energy:                   0.0069795924 H            0.1899 eV
Total MD Energy:                    -4.0054199525 H         -108.9930 eV

--------------------------------------------------------------------------------

***  Geometry step: 148

 iSCC Total electronic   Diff electronic      SCC error    
    1   -0.40249396E+01    0.00000000E+00    0.12135646E-01
    2   -0.40249429E+01   -0.55049337E-02    0.83886231E-02
    3   -0.40249458E+01   -0.33280152E-05    0.60259557E-03
    4   -0.40249458E+01   -0.29111417E-05    0.59082447E-04
    5   -0.40249458E+01   -0.12029574E-07    0.54696834E-08

Total Energy:                       -4.0175306270 H         -109.3226 eV
Extrapolated to 0K:                 -4.0175306270 H         -109.3226 eV
Total Mermin free energy:           -4.0175306270 H         -109.3226 eV
Force related energy:               -4.0175306270 H         -109.3226 eV

 TempProfile:         150   9.5004460357391702E-004
MD Temperature:                      0.0040201447 H         1269.4598 K
MD Kinetic Energy:                   0.0120604341 H            0.3282 eV
Total MD Energy:                    -4.0054701929 H         -108.9944 eV

--------------------------------------------------------------------------------

***  Geometry step: 149

 iSCC Total electronic   Diff electronic      SCC error    
    1   -0.40366760E+01    0.00000000E+00    0.18813849E-01
    2   -0.40366815E+01   -0.11730139E-01    0.12901458E-01
    3   -0.40366866E+01   -0.55489384E-05    0.58637653E-03
    4   -0.40366866E+01   -0.50974305E-05    0.11128453E-03
    5   -0.40366866E+01   -0.11530871E-07    0.98943982E-08

Total Energy:                       -4.0273380069 H         -109.5894 eV
Extrapolated to 0K:                 -4.0273380069 H         -109.5894 eV
Total Mermin free energy:           -4.0273380069 H         -109.5894 eV
Force related energy:               -4.0273380069 H         -109.5894 eV

 TempProfile:         151   9.5004460357391702E-004
MD Temperature:                      0.0072434388 H         2287.2943 K
MD Kinetic Energy:                   0.0217303163 H            0.5913 eV
Total MD Energy:                    -4.0056076907 H         -108.9981 eV

--------------------------------------------------------------------------------

***  Geometry step: 150

 iSCC Total electronic   Diff electronic      SCC error    
    1   -0.40550575E+01    0.00000000E+00    0.23083493E-01
    2   -0.40550638E+01   -0.18370918E-01    0.16210858E-01
    3   -0.40550699E+01   -0.62299939E-05    0.60415397E-03
    4   -0.40550700E+01   -0.61771132E-05    0.14843431E-03
    5   -0.40550700E+01   -0.11538403E-07    0.10473137E-07

Total Energy:                       -4.0408727090 H         -109.9577 eV
Extrapolated to 0K:                 -4.0408727090 H         -109.9577 eV
Total Mermin free energy:           -4.0408727090 H         -109.9577 eV
Force related energy:               -4.0408727090 H         -109.9577 eV

>> Charges saved for restart in charges.bin
 TempProfile:         152   9.5004460357391702E-004
MD Temperature:                      0.0116562572 H         3680.7505 K
MD Kinetic Energy:                   0.0349687716 H            0.9515 eV
Total MD Energy:                    -4.0059039374 H         -109.0062 eV

--------------------------------------------------------------------------------

***  Geometry step: 151

 iSCC Total electronic   Diff electronic      SCC error    
    1   -0.40806240E+01    0.00000000E+00    0.23768234E-01
    2   -0.40806289E+01   -0.25554061E-01    0.17079149E-01
    3   -0.40806342E+01   -0.48985679E-05    0.57881729E-03
    4   -0.40806342E+01   -0.52718615E-05    0.16473101E-03
    5   -0.40806342E+01   -0.94611625E-08    0.68175208E-08

Total Energy:                       -4.0558189632 H         -110.3644 eV
Extrapolated to 0K:                 -4.0558189632 H         -110.3644 eV
Total Mermin free energy:           -4.0558189632 H         -110.3644 eV
Force related energy:               -4.0558189632 H         -110.3644 eV

 TempProfile:         153   9.5004460357391702E-004
MD Temperature:                      0.0164604303 H         5197.7866 K
MD Kinetic Energy:                   0.0493812909 H            1.3437 eV
Total MD Energy:                    -4.0064376723 H         -109.0207 eV

--------------------------------------------------------------------------------

***  Geometry step: 152

 iSCC Total electronic   Diff electronic      SCC error    
    1   -0.41136851E+01    0.00000000E+00    0.20523104E-01
    2   -0.41136877E+01   -0.33050874E-01    0.15050471E-01
    3   -0.41136908E+01   -0.26695764E-05    0.45074759E-03
    4   -0.41136908E+01   -0.30991647E-05    0.15340803E-03
    5   -0.41136908E+01   -0.48248712E-08    0.27172762E-08

Total Energy:                       -4.0676231018 H         -110.6857 eV
Extrapolated to 0K:                 -4.0676231018 H         -110.6857 eV
Total Mermin free energy:           -4.0676231018 H         -110.6857 eV
Force related energy:               -4.0676231018 H         -110.6857 eV

 TempProfile:         154   9.5004460357391702E-004
MD Temperature:                      0.0201233243 H         6354.4356 K
MD Kinetic Energy:                   0.0603699729 H            1.6428 eV
Total MD Energy:                    -4.0072531289 H         -109.0429 eV

--------------------------------------------------------------------------------

***  Geometry step: 153

 iSCC Total electronic   Diff electronic      SCC error    
    1   -0.41533380E+01    0.00000000E+00    0.14400867E-01
    2   -0.41533390E+01   -0.39647204E-01    0.10731644E-01
    3   -0.41533403E+01   -0.98713940E-06    0.24218933E-03
    4   -0.41533403E+01   -0.12193611E-05    0.11090962E-03
    5   -0.41533403E+01   -0.10575736E-08    0.56971228E-09

Total Energy:                       -4.0693401955 H         -110.7324 eV
Extrapolated to 0K:                 -4.0693401955 H         -110.7324 eV
Total Mermin free energy:           -4.0693401955 H         -110.7324 eV
Force related energy:               -4.0693401955 H         -110.7324 eV

 TempProfile:         155   9.5004460357391702E-004
MD Temperature:                      0.0204179747 H         6447.4788 K
MD Kinetic Energy:                   0.0612539241 H            1.6668 eV
Total MD Energy:                    -4.0080862713 H         -109.0656 eV

--------------------------------------------------------------------------------

***  Geometry step: 154

 iSCC Total electronic   Diff electronic      SCC error    
    1   -0.41955753E+01    0.00000000E+00    0.78013748E-02
    2   -0.41955756E+01   -0.42235079E-01    0.58712122E-02
    3   -0.41955759E+01   -0.26773136E-06    0.42345801E-04
    4   -0.41955759E+01   -0.34743936E-06    0.29994485E-04
    5   -0.41955759E+01   -0.11890933E-10    0.21162627E-10

Total Energy:                       -4.0559534419 H         -110.3681 eV
Extrapolated to 0K:                 -4.0559534419 H         -110.3681 eV
Total Mermin free energy:           -4.0559534419 H         -110.3681 eV
Force related energy:               -4.0559534419 H         -110.3681 eV

 TempProfile:         156   9.5004460357391702E-004
MD Temperature:                      0.0159571961 H         5038.8780 K
MD Kinetic Energy:                   0.0478715884 H            1.3027 eV
Total MD Energy:                    -4.0080818535 H         -109.0655 eV

--------------------------------------------------------------------------------

***  Geometry step: 155

 iSCC Total electronic   Diff electronic      SCC error    
    1   -0.42316868E+01    0.00000000E+00    0.44434515E-02
    2   -0.42316869E+01   -0.36110832E-01    0.33911037E-02
    3   -0.42316870E+01   -0.95368072E-07    0.11237756E-03
    4   -0.42316870E+01   -0.13279319E-06    0.13633708E-04
    5   -0.42316870E+01   -0.90414787E-10    0.10460965E-10

Total Energy:                       -4.0349315902 H         -109.7961 eV
Extrapolated to 0K:                 -4.0349315902 H         -109.7961 eV
Total Mermin free energy:           -4.0349315902 H         -109.7961 eV
Force related energy:               -4.0349315902 H         -109.7961 eV

 TempProfile:         157   9.5004460357391702E-004
MD Temperature:                      0.0092986368 H         2936.2738 K
MD Kinetic Energy:                   0.0278959104 H            0.7591 eV
Total MD Energy:                    -4.0070356798 H         -109.0370 eV

--------------------------------------------------------------------------------

***  Geometry step: 156

 iSCC Total electronic   Diff electronic      SCC error    
    1   -0.42507791E+01    0.00000000E+00    0.42549124E-02
    2   -0.42507791E+01   -0.19092041E-01    0.32819290E-02
    3   -0.42507793E+01   -0.84801937E-07    0.75142841E-04
    4   -0.42507793E+01   -0.12604069E-06    0.17743591E-04
    5   -0.42507793E+01   -0.29835689E-10    0.23172575E-11

Total Energy:                       -4.0247090942 H         -109.5179 eV
Extrapolated to 0K:                 -4.0247090942 H         -109.5179 eV
Total Mermin free energy:           -4.0247090942 H         -109.5179 eV
Force related energy:               -4.0247090942 H         -109.5179 eV

 TempProfile:         158   9.5004460357391702E-004
MD Temperature:                      0.0059487312 H         1878.4585 K
MD Kinetic Energy:                   0.0178461936 H            0.4856 eV
Total MD Energy:                    -4.0068629006 H         -109.0323 eV

--------------------------------------------------------------------------------

***  Geometry step: 157

 iSCC Total electronic   Diff electronic      SCC error    
    1   -0.42469737E+01    0.00000000E+00    0.51841741E-02
    2   -0.42469739E+01    0.38055153E-02    0.40015997E-02
    3   -0.42469740E+01   -0.11760049E-06    0.65181528E-04
    4   -0.42469740E+01   -0.17481603E-06    0.26460871E-04
    5   -0.42469740E+01   -0.21849189E-10    0.56841198E-11

Total Energy:                       -4.0306971944 H         -109.6809 eV
Extrapolated to 0K:                 -4.0306971944 H         -109.6809 eV
Total Mermin free energy:           -4.0306971944 H         -109.6809 eV
Force related energy:               -4.0306971944 H         -109.6809 eV

 TempProfile:         159   9.5004460357391702E-004
MD Temperature:                      0.0077620481 H         2451.0580 K
MD Kinetic Energy:                   0.0232861443 H            0.6336 eV
Total MD Energy:                    -4.0074110501 H         -109.0472 eV

--------------------------------------------------------------------------------

***  Geometry step: 158

 iSCC Total electronic   Diff electronic      SCC error    
    1   -0.42225097E+01    0.00000000E+00    0.67192077E-02
    2   -0.42225099E+01    0.24464340E-01    0.51302481E-02
    3   -0.42225102E+01   -0.21946505E-06    0.18946623E-03
    4   -0.42225102E+01   -0.30734254E-06    0.31128860E-04
    5   -0.42225102E+01   -0.28194780E-09    0.47423176E-10

Total Energy:                       -4.0460102646 H         -110.0975 eV
Extrapolated to 0K:                 -4.0460102646 H         -110.0975 eV
Total Mermin free energy:           -4.0460102646 H         -110.0975 eV
Force related energy:               -4.0460102646 H         -110.0975 eV

 TempProfile:         160   9.5004460357391702E-004
MD Temperature:                      0.0126859917 H         4005.9146 K
MD Kinetic Energy:                   0.0380579750 H            1.0356 eV
Total MD Energy:                    -4.0079522896 H         -109.0619 eV

--------------------------------------------------------------------------------

***  Geometry step: 159

 iSCC Total electronic   Diff electronic      SCC error    
    1   -0.41852757E+01    0.00000000E+00    0.85639717E-02
    2   -0.41852763E+01    0.37234509E-01    0.64328161E-02
    3   -0.41852770E+01   -0.54143831E-06    0.20242427E-03
    4   -0.41852770E+01   -0.69320841E-06    0.81441430E-04
    5   -0.41852770E+01   -0.34406167E-09    0.24870717E-09

Total Energy:                       -4.0621108783 H         -110.5357 eV
Extrapolated to 0K:                 -4.0621108783 H         -110.5357 eV
Total Mermin free energy:           -4.0621108783 H         -110.5357 eV
Force related energy:               -4.0621108783 H         -110.5357 eV

 TempProfile:         161   9.5004460357391702E-004
MD Temperature:                      0.0177909384 H         5617.9273 K
MD Kinetic Energy:                   0.0533728152 H            1.4523 eV
Total MD Energy:                    -4.0087380631 H         -109.0833 eV

--------------------------------------------------------------------------------

***  Geometry step: 160

 iSCC Total electronic   Diff electronic      SCC error    
    1   -0.41446372E+01    0.00000000E+00    0.14147174E-01
    2   -0.41446387E+01    0.40639754E-01    0.10389916E-01
    3   -0.41446404E+01   -0.14860204E-05    0.54671577E-05

Total Energy:                       -4.0691922379 H         -110.7284 eV
Extrapolated to 0K:                 -4.0691922379 H         -110.7284 eV
Total Mermin free energy:           -4.0691922379 H         -110.7284 eV
Force related energy:               -4.0691922379 H         -110.7284 eV

>> Charges saved for restart in charges.bin
 TempProfile:         162   9.5004460357391702E-004
MD Temperature:                      0.0200460045 H         6330.0200 K
MD Kinetic Energy:                   0.0601380136 H            1.6364 eV
Total MD Energy:                    -4.0090542243 H         -109.0919 eV

--------------------------------------------------------------------------------

***  Geometry step: 161

 iSCC Total electronic   Diff electronic      SCC error    
    1   -0.41072983E+01    0.00000000E+00    0.20941478E-01
    2   -0.41073020E+01    0.37342097E-01    0.15129051E-01
    3   -0.41073059E+01   -0.36288367E-05    0.28845863E-03
    4   -0.41073059E+01   -0.39078766E-05    0.14790291E-03
    5   -0.41073059E+01   -0.13723236E-08    0.27441924E-08

Total Energy:                       -4.0645475407 H         -110.6020 eV
Extrapolated to 0K:                 -4.0645475407 H         -110.6020 eV
Total Mermin free energy:           -4.0645475407 H         -110.6020 eV
Force related energy:               -4.0645475407 H         -110.6020 eV

 TempProfile:         163   9.5004460357391702E-004
MD Temperature:                      0.0185416997 H         5854.9987 K
MD Kinetic Energy:                   0.0556250990 H            1.5136 eV
Total MD Energy:                    -4.0089224417 H         -109.0883 eV

--------------------------------------------------------------------------------

***  Geometry step: 162

 iSCC Total electronic   Diff electronic      SCC error    
    1   -0.40763544E+01    0.00000000E+00    0.26073632E-01
    2   -0.40763612E+01    0.30951473E-01    0.18466221E-01
    3   -0.40763679E+01   -0.67973403E-05    0.54499150E-03
    4   -0.40763680E+01   -0.67528365E-05    0.17474509E-03
    5   -0.40763680E+01   -0.83786320E-08    0.55409872E-08

Total Energy:                       -4.0525460106 H         -110.2754 eV
Extrapolated to 0K:                 -4.0525460106 H         -110.2754 eV
Total Mermin free energy:           -4.0525460106 H         -110.2754 eV
Force related energy:               -4.0525460106 H         -110.2754 eV

 TempProfile:         164   9.5004460357391702E-004
MD Temperature:                      0.0146034041 H         4611.3848 K
MD Kinetic Energy:                   0.0438102124 H            1.1921 eV
Total MD Energy:                    -4.0087357982 H         -109.0833 eV

--------------------------------------------------------------------------------

***  Geometry step: 163

 iSCC Total electronic   Diff electronic      SCC error    
    1   -0.40525195E+01    0.00000000E+00    0.27566360E-01
    2   -0.40525288E+01    0.23848434E-01    0.19113739E-01
    3   -0.40525373E+01   -0.92726381E-05    0.68636041E-03
    4   -0.40525373E+01   -0.85405581E-05    0.16976972E-03
    5   -0.40525373E+01   -0.17406868E-07    0.89892822E-08

Total Energy:                       -4.0386285755 H         -109.8967 eV
Extrapolated to 0K:                 -4.0386285755 H         -109.8967 eV
Total Mermin free energy:           -4.0386285755 H         -109.8967 eV
Force related energy:               -4.0386285755 H         -109.8967 eV

 TempProfile:         165   9.5004460357391702E-004
MD Temperature:                      0.0099970072 H         3156.8014 K
MD Kinetic Energy:                   0.0299910216 H            0.8161 eV
Total MD Energy:                    -4.0086375539 H         -109.0806 eV

--------------------------------------------------------------------------------

***  Geometry step: 164

 iSCC Total electronic   Diff electronic      SCC error    
    1   -0.40355507E+01    0.00000000E+00    0.24856933E-01
    2   -0.40355597E+01    0.16986650E-01    0.16895997E-01
    3   -0.40355676E+01   -0.90443631E-05    0.74294090E-03
    4   -0.40355676E+01   -0.78193418E-05    0.13727002E-03
    5   -0.40355676E+01   -0.21542399E-07    0.91385006E-08

Total Energy:                       -4.0264670033 H         -109.5657 eV
Extrapolated to 0K:                 -4.0264670033 H         -109.5657 eV
Total Mermin free energy:           -4.0264670033 H         -109.5657 eV
Force related energy:               -4.0264670033 H         -109.5657 eV

 TempProfile:         166   9.5004460357391702E-004
MD Temperature:                      0.0059577210 H         1881.2972 K
MD Kinetic Energy:                   0.0178731629 H            0.4864 eV
Total MD Energy:                    -4.0085938404 H         -109.0794 eV

--------------------------------------------------------------------------------

***  Geometry step: 165

 iSCC Total electronic   Diff electronic      SCC error    
    1   -0.40250140E+01    0.00000000E+00    0.18681689E-01
    2   -0.40250201E+01    0.10553545E-01    0.12496778E-01
    3   -0.40250252E+01   -0.60904722E-05    0.72823061E-03
    4   -0.40250252E+01   -0.50683548E-05    0.88703713E-04
    5   -0.40250252E+01   -0.20394211E-07    0.60963348E-08

Total Energy:                       -4.0180605953 H         -109.3370 eV
Extrapolated to 0K:                 -4.0180605953 H         -109.3370 eV
Total Mermin free energy:           -4.0180605953 H         -109.3370 eV
Force related energy:               -4.0180605953 H         -109.3370 eV

 TempProfile:         167   9.5004460357391702E-004
MD Temperature:                      0.0031603562 H          997.9604 K
MD Kinetic Energy:                   0.0094810685 H            0.2580 eV
Total MD Energy:                    -4.0085795268 H         -109.0790 eV

--------------------------------------------------------------------------------

***  Geometry step: 166

 iSCC Total electronic   Diff electronic      SCC error    
    1   -0.40205715E+01    0.00000000E+00    0.10580213E-01
    2   -0.40205740E+01    0.44537476E-02    0.73157754E-02
    3   -0.40205762E+01   -0.25464736E-05    0.69276458E-03
    4   -0.40205762E+01   -0.21631993E-05    0.37827054E-04
    5   -0.40205762E+01   -0.16690537E-07    0.27573657E-08

Total Energy:                       -4.0143064559 H         -109.2348 eV
Extrapolated to 0K:                 -4.0143064559 H         -109.2348 eV
Total Mermin free energy:           -4.0143064559 H         -109.2348 eV
Force related energy:               -4.0143064559 H         -109.2348 eV

 TempProfile:         168   9.5004460357391702E-004
MD Temperature:                      0.0019089029 H          602.7832 K
MD Kinetic Energy:                   0.0057267088 H            0.1558 eV
Total MD Energy:                    -4.0085797471 H         -109.0790 eV

--------------------------------------------------------------------------------

***  Geometry step: 167

 iSCC Total electronic   Diff electronic      SCC error    
    1   -0.40220508E+01    0.00000000E+00    0.60508407E-02
    2   -0.40220515E+01   -0.14746396E-02    0.43047751E-02
    3   -0.40220523E+01   -0.70265367E-06    0.28137335E-03
    4   -0.40220523E+01   -0.74395783E-06    0.81273876E-05

Total Energy:                       -4.0154806072 H         -109.2668 eV
Extrapolated to 0K:                 -4.0154806072 H         -109.2668 eV
Total Mermin free energy:           -4.0154806072 H         -109.2668 eV
Force related energy:               -4.0154806072 H         -109.2668 eV

 TempProfile:         169   9.5004460357391702E-004
MD Temperature:                      0.0022923356 H          723.8615 K
MD Kinetic Energy:                   0.0068770069 H            0.1871 eV
Total MD Energy:                    -4.0086036002 H         -109.0797 eV

--------------------------------------------------------------------------------

***  Geometry step: 168

 iSCC Total electronic   Diff electronic      SCC error    
    1   -0.40294469E+01    0.00000000E+00    0.88665186E-02
    2   -0.40294481E+01   -0.73945830E-02    0.63150444E-02
    3   -0.40294494E+01   -0.12730228E-05    0.60447017E-03
    4   -0.40294494E+01   -0.12296563E-05    0.18055041E-04
    5   -0.40294494E+01   -0.12780760E-07    0.11942118E-08

Total Energy:                       -4.0214346748 H         -109.4288 eV
Extrapolated to 0K:                 -4.0214346748 H         -109.4288 eV
Total Mermin free energy:           -4.0214346748 H         -109.4288 eV
Force related energy:               -4.0214346748 H         -109.4288 eV

 TempProfile:         170   9.5004460357391702E-004
MD Temperature:                      0.0042513357 H         1342.4640 K
MD Kinetic Energy:                   0.0127540072 H            0.3471 eV
Total MD Energy:                    -4.0086806677 H         -109.0818 eV

--------------------------------------------------------------------------------

***  Geometry step: 169

 iSCC Total electronic   Diff electronic      SCC error    
    1   -0.40429031E+01    0.00000000E+00    0.14967972E-01
    2   -0.40429063E+01   -0.13453688E-01    0.10269498E-01
    3   -0.40429092E+01   -0.31832945E-05    0.79956481E-03
    4   -0.40429092E+01   -0.28964010E-05    0.56986281E-04
    5   -0.40429092E+01   -0.22270879E-07    0.39466439E-08

Total Energy:                       -4.0315280940 H         -109.7035 eV
Extrapolated to 0K:                 -4.0315280940 H         -109.7035 eV
Total Mermin free energy:           -4.0315280940 H         -109.7035 eV
Force related energy:               -4.0315280940 H         -109.7035 eV

 TempProfile:         171   9.5004460357391702E-004
MD Temperature:                      0.0075568420 H         2386.2591 K
MD Kinetic Energy:                   0.0226705259 H            0.6169 eV
Total MD Energy:                    -4.0088575681 H         -109.0866 eV

--------------------------------------------------------------------------------

***  Geometry step: 170

 iSCC Total electronic   Diff electronic      SCC error    
    1   -0.40626711E+01    0.00000000E+00    0.20024159E-01
    2   -0.40626757E+01   -0.19761886E-01    0.13969228E-01
    3   -0.40626801E+01   -0.46652090E-05    0.80484572E-03
    4   -0.40626801E+01   -0.43955874E-05    0.95288304E-04
    5   -0.40626801E+01   -0.21055159E-07    0.61983423E-08

Total Energy:                       -4.0443170755 H         -110.0515 eV
Extrapolated to 0K:                 -4.0443170755 H         -110.0515 eV
Total Mermin free energy:           -4.0443170755 H         -110.0515 eV
Force related energy:               -4.0443170755 H         -110.0515 eV

>> Charges saved for restart in charges.bin
 TempProfile:         172   9.5004460357391702E-004
MD Temperature:                      0.0117110708 H         3698.0593 K
MD Kinetic Energy:                   0.0351332124 H            0.9560 eV
Total MD Energy:                    -4.0091838631 H         -109.0954 eV

--------------------------------------------------------------------------------

***  Geometry step: 171

 iSCC Total electronic   Diff electronic      SCC error    
    1   -0.40889570E+01    0.00000000E+00    0.22006209E-01
    2   -0.40889617E+01   -0.26276894E-01    0.15643368E-01
    3   -0.40889664E+01   -0.46657920E-05    0.65936045E-03
    4   -0.40889664E+01   -0.46844767E-05    0.14001275E-03
    5   -0.40889664E+01   -0.12054114E-07    0.57717306E-08

Total Energy:                       -4.0571216642 H         -110.3999 eV
Extrapolated to 0K:                 -4.0571216642 H         -110.3999 eV
Total Mermin free energy:           -4.0571216642 H         -110.3999 eV
Force related energy:               -4.0571216642 H         -110.3999 eV

 TempProfile:         173   9.5004460357391702E-004
MD Temperature:                      0.0158070970 H         4991.4805 K
MD Kinetic Energy:                   0.0474212909 H            1.2904 eV
Total MD Energy:                    -4.0097003733 H         -109.1095 eV

--------------------------------------------------------------------------------

***  Geometry step: 172

 iSCC Total electronic   Diff electronic      SCC error    
    1   -0.41214819E+01    0.00000000E+00    0.20831021E-01
    2   -0.41214853E+01   -0.32515454E-01    0.15077903E-01
    3   -0.41214891E+01   -0.34776752E-05    0.41393839E-03
    4   -0.41214891E+01   -0.37639157E-05    0.16723565E-03
    5   -0.41214891E+01   -0.29112313E-08    0.31092684E-08

Total Energy:                       -4.0657202623 H         -110.6339 eV
Extrapolated to 0K:                 -4.0657202623 H         -110.6339 eV
Total Mermin free energy:           -4.0657202623 H         -110.6339 eV
Force related energy:               -4.0657202623 H         -110.6339 eV

 TempProfile:         174   9.5004460357391702E-004
MD Temperature:                      0.0184536049 H         5827.1806 K
MD Kinetic Energy:                   0.0553608146 H            1.5064 eV
Total MD Energy:                    -4.0103594478 H         -109.1274 eV

--------------------------------------------------------------------------------

***  Geometry step: 173

 iSCC Total electronic   Diff electronic      SCC error    
    1   -0.41585294E+01    0.00000000E+00    0.17289617E-01
    2   -0.41585315E+01   -0.37040302E-01    0.12711911E-01
    3   -0.41585339E+01   -0.20569770E-05    0.71839094E-04
    4   -0.41585339E+01   -0.24111100E-05    0.54032762E-04
    5   -0.41585339E+01   -0.31469050E-10    0.75417539E-09

Total Energy:                       -4.0654075602 H         -110.6254 eV
Extrapolated to 0K:                 -4.0654075602 H         -110.6254 eV
Total Mermin free energy:           -4.0654075602 H         -110.6254 eV
Force related energy:               -4.0654075602 H         -110.6254 eV

 TempProfile:         175   9.5004460357391702E-004
MD Temperature:                      0.0181947528 H         5745.4416 K
MD Kinetic Energy:                   0.0545842583 H            1.4853 eV
Total MD Energy:                    -4.0108233020 H         -109.1401 eV

--------------------------------------------------------------------------------

***  Geometry step: 174

 iSCC Total electronic   Diff electronic      SCC error    
    1   -0.41957238E+01    0.00000000E+00    0.12758662E-01
    2   -0.41957248E+01   -0.37189932E-01    0.95014056E-02
    3   -0.41957261E+01   -0.10293712E-05    0.22014629E-03
    4   -0.41957261E+01   -0.13072847E-05    0.12248640E-03
    5   -0.41957261E+01   -0.29344882E-09    0.27271518E-09

Total Energy:                       -4.0551846694 H         -110.3472 eV
Extrapolated to 0K:                 -4.0551846694 H         -110.3472 eV
Total Mermin free energy:           -4.0551846694 H         -110.3472 eV
Force related energy:               -4.0551846694 H         -110.3472 eV

 TempProfile:         176   9.5004460357391702E-004
MD Temperature:                      0.0147993487 H         4673.2591 K
MD Kinetic Energy:                   0.0443980461 H            1.2081 eV
Total MD Energy:                    -4.0107866233 H         -109.1391 eV

--------------------------------------------------------------------------------

***  Geometry step: 175

 iSCC Total electronic   Diff electronic      SCC error    
    1   -0.42258224E+01    0.00000000E+00    0.98224887E-02
    2   -0.42258228E+01   -0.30096266E-01    0.75018773E-02
    3   -0.42258235E+01   -0.44238324E-06    0.31186722E-03
    4   -0.42258235E+01   -0.60774749E-06    0.99537087E-04
    5   -0.42258235E+01   -0.63872729E-09    0.10301382E-09

Total Energy:                       -4.0408182690 H         -109.9563 eV
Extrapolated to 0K:                 -4.0408182690 H         -109.9563 eV
Total Mermin free energy:           -4.0408182690 H         -109.9563 eV
Force related energy:               -4.0408182690 H         -109.9563 eV

 TempProfile:         177   9.5004460357391702E-004
MD Temperature:                      0.0100810937 H         3183.3538 K
MD Kinetic Energy:                   0.0302432811 H            0.8230 eV
Total MD Energy:                    -4.0105749879 H         -109.1333 eV

--------------------------------------------------------------------------------

***  Geometry step: 176

 iSCC Total electronic   Diff electronic      SCC error    
    1   -0.42409680E+01    0.00000000E+00    0.74314348E-02
    2   -0.42409682E+01   -0.15144547E-01    0.57459645E-02
    3   -0.42409684E+01   -0.16950039E-06    0.12752191E-03
    4   -0.42409684E+01   -0.25302600E-06    0.44314227E-04
    5   -0.42409684E+01   -0.13566570E-09    0.23572255E-10

Total Energy:                       -4.0297681438 H         -109.6556 eV
Extrapolated to 0K:                 -4.0297681438 H         -109.6556 eV
Total Mermin free energy:           -4.0297681438 H         -109.6556 eV
Force related energy:               -4.0297681438 H         -109.6556 eV

 TempProfile:         178   9.5004460357391702E-004
MD Temperature:                      0.0064666672 H         2042.0096 K
MD Kinetic Energy:                   0.0194000015 H            0.5279 eV
Total MD Energy:                    -4.0103681422 H         -109.1277 eV

--------------------------------------------------------------------------------

***  Geometry step: 177

 iSCC Total electronic   Diff electronic      SCC error    
    1   -0.42360213E+01    0.00000000E+00    0.63836782E-02
    2   -0.42360214E+01    0.49471509E-02    0.49101300E-02
    3   -0.42360217E+01   -0.15644274E-06    0.21130630E-03
    4   -0.42360217E+01   -0.22805272E-06    0.27582121E-04
    5   -0.42360217E+01   -0.33226666E-09    0.12519763E-10

Total Energy:                       -4.0286948212 H         -109.6264 eV
Extrapolated to 0K:                 -4.0286948212 H         -109.6264 eV
Total Mermin free energy:           -4.0286948212 H         -109.6264 eV
Force related energy:               -4.0286948212 H         -109.6264 eV

 TempProfile:         179   9.5004460357391702E-004
MD Temperature:                      0.0062360699 H         1969.1928 K
MD Kinetic Energy:                   0.0187082097 H            0.5091 eV
Total MD Energy:                    -4.0099866115 H         -109.1173 eV

--------------------------------------------------------------------------------

***  Geometry step: 178

 iSCC Total electronic   Diff electronic      SCC error    
    1   -0.42115158E+01    0.00000000E+00    0.80189010E-02
    2   -0.42115162E+01    0.24505826E-01    0.60716722E-02
    3   -0.42115167E+01   -0.37694584E-06    0.29344782E-03
    4   -0.42115167E+01   -0.49526952E-06    0.58788373E-04
    5   -0.42115167E+01   -0.57688343E-09    0.12436552E-09

Total Energy:                       -4.0427795103 H         -110.0096 eV
Extrapolated to 0K:                 -4.0427795103 H         -110.0096 eV
Total Mermin free energy:           -4.0427795103 H         -110.0096 eV
Force related energy:               -4.0427795103 H         -110.0096 eV

 TempProfile:         180   9.5004460357391702E-004
MD Temperature:                      0.0106618737 H         3366.7494 K
MD Kinetic Energy:                   0.0319856211 H            0.8704 eV
Total MD Energy:                    -4.0107938892 H         -109.1393 eV

--------------------------------------------------------------------------------

***  Geometry step: 179

 iSCC Total electronic   Diff electronic      SCC error    
    1   -0.41749338E+01    0.00000000E+00    0.11433235E-01
    2   -0.41749347E+01    0.36582902E-01    0.84459861E-02
    3   -0.41749358E+01   -0.88788926E-06    0.94818326E-04
    4   -0.41749358E+01   -0.10755944E-05    0.66669622E-04
    5   -0.41749358E+01   -0.49211302E-10    0.45590998E-09

Total Energy:                       -4.0614597448 H         -110.5179 eV
Extrapolated to 0K:                 -4.0614597448 H         -110.5179 eV
Total Mermin free energy:           -4.0614597448 H         -110.5179 eV
Force related energy:               -4.0614597448 H         -110.5179 eV

 TempProfile:         181   9.5004460357391702E-004
MD Temperature:                      0.0165080141 H         5212.8123 K
MD Kinetic Energy:                   0.0495240424 H            1.3476 eV
Total MD Energy:                    -4.0119357025 H         -109.1703 eV

--------------------------------------------------------------------------------

***  Geometry step: 180

 iSCC Total electronic   Diff electronic      SCC error    
    1   -0.41360475E+01    0.00000000E+00    0.16827323E-01
    2   -0.41360496E+01    0.38888238E-01    0.12275787E-01
    3   -0.41360519E+01   -0.20401776E-05    0.22192760E-03
    4   -0.41360519E+01   -0.22980930E-05    0.12134605E-03
    5   -0.41360519E+01   -0.57119642E-09    0.10597319E-08

Total Energy:                       -4.0694609171 H         -110.7357 eV
Extrapolated to 0K:                 -4.0694609171 H         -110.7357 eV
Total Mermin free energy:           -4.0694609171 H         -110.7357 eV
Force related energy:               -4.0694609171 H         -110.7357 eV

>> Charges saved for restart in charges.bin
 TempProfile:         182   9.5004460357391702E-004
MD Temperature:                      0.0191091444 H         6034.1833 K
MD Kinetic Energy:                   0.0573274333 H            1.5600 eV
Total MD Energy:                    -4.0121334838 H         -109.1757 eV

--------------------------------------------------------------------------------

***  Geometry step: 181

 iSCC Total electronic   Diff electronic      SCC error    
    1   -0.41012877E+01    0.00000000E+00    0.21845572E-01
    2   -0.41012919E+01    0.34764189E-01    0.15658388E-01
    3   -0.41012963E+01   -0.42122655E-05    0.52120665E-03
    4   -0.41012963E+01   -0.44202820E-05    0.16173589E-03
    5   -0.41012963E+01   -0.60226277E-08    0.20133415E-08

Total Energy:                       -4.0645764360 H         -110.6028 eV
Extrapolated to 0K:                 -4.0645764360 H         -110.6028 eV
Total Mermin free energy:           -4.0645764360 H         -110.6028 eV
Force related energy:               -4.0645764360 H         -110.6028 eV

 TempProfile:         183   9.5004460357391702E-004
MD Temperature:                      0.0175654323 H         5546.7182 K
MD Kinetic Energy:                   0.0526962968 H            1.4339 eV
Total MD Energy:                    -4.0118801392 H         -109.1688 eV

--------------------------------------------------------------------------------

***  Geometry step: 182

 iSCC Total electronic   Diff electronic      SCC error    
    1   -0.40731116E+01    0.00000000E+00    0.24426121E-01
    2   -0.40731184E+01    0.28184720E-01    0.17138955E-01
    3   -0.40731250E+01   -0.67641737E-05    0.76684200E-03
    4   -0.40731250E+01   -0.65940888E-05    0.16269150E-03
    5   -0.40731250E+01   -0.15416273E-07    0.47737387E-08

Total Energy:                       -4.0526395767 H         -110.2779 eV
Extrapolated to 0K:                 -4.0526395767 H         -110.2779 eV
Total Mermin free energy:           -4.0526395767 H         -110.2779 eV
Force related energy:               -4.0526395767 H         -110.2779 eV

 TempProfile:         184   9.5004460357391702E-004
MD Temperature:                      0.0136560082 H         4312.2212 K
MD Kinetic Energy:                   0.0409680245 H            1.1148 eV
Total MD Energy:                    -4.0116715522 H         -109.1631 eV

--------------------------------------------------------------------------------

***  Geometry step: 183

 iSCC Total electronic   Diff electronic      SCC error    
    1   -0.40518441E+01    0.00000000E+00    0.23248972E-01
    2   -0.40518519E+01    0.21280893E-01    0.15945846E-01
    3   -0.40518591E+01   -0.78681549E-05    0.87815306E-03
    4   -0.40518591E+01   -0.71408801E-05    0.13686428E-03
    5   -0.40518591E+01   -0.22292937E-07    0.80994684E-08

Total Energy:                       -4.0393411527 H         -109.9161 eV
Extrapolated to 0K:                 -4.0393411527 H         -109.9161 eV
Total Mermin free energy:           -4.0393411527 H         -109.9161 eV
Force related energy:               -4.0393411527 H         -109.9161 eV

 TempProfile:         185   9.5004460357391702E-004
MD Temperature:                      0.0092559411 H         2922.7915 K
MD Kinetic Energy:                   0.0277678232 H            0.7556 eV
Total MD Energy:                    -4.0115733295 H         -109.1605 eV

--------------------------------------------------------------------------------

***  Geometry step: 184

 iSCC Total electronic   Diff electronic      SCC error    
    1   -0.40371290E+01    0.00000000E+00    0.18411447E-01
    2   -0.40371353E+01    0.14730149E-01    0.12349502E-01
    3   -0.40371408E+01   -0.63808202E-05    0.90238659E-03
    4   -0.40371408E+01   -0.54733758E-05    0.91487904E-04
    5   -0.40371408E+01   -0.24353999E-07    0.82083584E-08

Total Energy:                       -4.0281609041 H         -109.6118 eV
Extrapolated to 0K:                 -4.0281609041 H         -109.6118 eV
Total Mermin free energy:           -4.0281609041 H         -109.6118 eV
Force related energy:               -4.0281609041 H         -109.6118 eV

 TempProfile:         186   9.5004460357391702E-004
MD Temperature:                      0.0055390007 H         1749.0760 K
MD Kinetic Energy:                   0.0166170022 H            0.4522 eV
Total MD Energy:                    -4.0115439019 H         -109.1597 eV

--------------------------------------------------------------------------------

***  Geometry step: 185

 iSCC Total electronic   Diff electronic      SCC error    
    1   -0.40285633E+01    0.00000000E+00    0.12408359E-01
    2   -0.40285667E+01    0.85775113E-02    0.85654247E-02
    3   -0.40285695E+01   -0.33642312E-05    0.90679068E-03
    4   -0.40285696E+01   -0.28513907E-05    0.41122650E-04
    5   -0.40285696E+01   -0.23734670E-07    0.46210061E-08

Total Energy:                       -4.0208069821 H         -109.4117 eV
Extrapolated to 0K:                 -4.0208069821 H         -109.4117 eV
Total Mermin free energy:           -4.0208069821 H         -109.4117 eV
Force related energy:               -4.0208069821 H         -109.4117 eV

 TempProfile:         187   9.5004460357391702E-004
MD Temperature:                      0.0030882768 H          975.1995 K
MD Kinetic Energy:                   0.0092648303 H            0.2521 eV
Total MD Energy:                    -4.0115421518 H         -109.1596 eV

--------------------------------------------------------------------------------

***  Geometry step: 186

 iSCC Total electronic   Diff electronic      SCC error    
    1   -0.40258868E+01    0.00000000E+00    0.75663972E-02
    2   -0.40258879E+01    0.26827872E-02    0.53123121E-02
    3   -0.40258889E+01   -0.10748818E-05    0.60078557E-03
    4   -0.40258889E+01   -0.10659075E-05    0.96197743E-05

Total Energy:                       -4.0179410988 H         -109.3337 eV
Extrapolated to 0K:                 -4.0179410988 H         -109.3337 eV
Total Mermin free energy:           -4.0179410988 H         -109.3337 eV
Force related energy:               -4.0179410988 H         -109.3337 eV

 TempProfile:         188   9.5004460357391702E-004
MD Temperature:                      0.0021278426 H          671.9187 K
MD Kinetic Energy:                   0.0063835278 H            0.1737 eV
Total MD Energy:                    -4.0115575710 H         -109.1600 eV

--------------------------------------------------------------------------------

***  Geometry step: 187

 iSCC Total electronic   Diff electronic      SCC error    
    1   -0.40289926E+01    0.00000000E+00    0.87805938E-02
    2   -0.40289936E+01   -0.31036855E-02    0.63497406E-02
    3   -0.40289947E+01   -0.10007488E-05    0.50912059E-03
    4   -0.40289947E+01   -0.10568350E-05    0.15409245E-04
    5   -0.40289947E+01   -0.10069045E-07    0.83942275E-09

Total Energy:                       -4.0196254589 H         -109.3796 eV
Extrapolated to 0K:                 -4.0196254589 H         -109.3796 eV
Total Mermin free energy:           -4.0196254589 H         -109.3796 eV
Force related energy:               -4.0196254589 H         -109.3796 eV

 TempProfile:         189   9.5004460357391702E-004
MD Temperature:                      0.0026736751 H          844.2788 K
MD Kinetic Energy:                   0.0080210254 H            0.2183 eV
Total MD Energy:                    -4.0116044336 H         -109.1613 eV

--------------------------------------------------------------------------------

***  Geometry step: 188

 iSCC Total electronic   Diff electronic      SCC error    
    1   -0.40379057E+01    0.00000000E+00    0.14422490E-01
    2   -0.40379086E+01   -0.89110589E-02    0.98765967E-02
    3   -0.40379112E+01   -0.28848548E-05    0.93863642E-03
    4   -0.40379112E+01   -0.25689604E-05    0.40332007E-04
    5   -0.40379112E+01   -0.34500228E-07    0.34195384E-08

Total Energy:                       -4.0254398716 H         -109.5378 eV
Extrapolated to 0K:                 -4.0254398716 H         -109.5378 eV
Total Mermin free energy:           -4.0254398716 H         -109.5378 eV
Force related energy:               -4.0254398716 H         -109.5378 eV

 TempProfile:         190   9.5004460357391702E-004
MD Temperature:                      0.0045759048 H         1444.9547 K
MD Kinetic Energy:                   0.0137277143 H            0.3736 eV
Total MD Energy:                    -4.0117121573 H         -109.1642 eV

--------------------------------------------------------------------------------

***  Geometry step: 189

 iSCC Total electronic   Diff electronic      SCC error    
    1   -0.40527268E+01    0.00000000E+00    0.20387989E-01
    2   -0.40527320E+01   -0.14815608E-01    0.14074785E-01
    3   -0.40527366E+01   -0.51913260E-05    0.97919978E-03
    4   -0.40527367E+01   -0.45791731E-05    0.79619890E-04
    5   -0.40527367E+01   -0.37737926E-07    0.74409208E-08

Total Energy:                       -4.0344026351 H         -109.7817 eV
Extrapolated to 0K:                 -4.0344026351 H         -109.7817 eV
Total Mermin free energy:           -4.0344026351 H         -109.7817 eV
Force related energy:               -4.0344026351 H         -109.7817 eV

 TempProfile:         191   9.5004460357391702E-004
MD Temperature:                      0.0074975713 H         2367.5429 K
MD Kinetic Energy:                   0.0224927138 H            0.6121 eV
Total MD Energy:                    -4.0119099214 H         -109.1696 eV

--------------------------------------------------------------------------------

***  Geometry step: 190

 iSCC Total electronic   Diff electronic      SCC error    
    1   -0.40735094E+01    0.00000000E+00    0.23680113E-01
    2   -0.40735157E+01   -0.20772716E-01    0.16584718E-01
    3   -0.40735216E+01   -0.63494232E-05    0.91657073E-03
    4   -0.40735216E+01   -0.58704429E-05    0.13111218E-03
    5   -0.40735216E+01   -0.25013588E-07    0.10160287E-07

Total Energy:                       -4.0448333153 H         -110.0655 eV
Extrapolated to 0K:                 -4.0448333153 H         -110.0655 eV
Total Mermin free energy:           -4.0448333153 H         -110.0655 eV
Force related energy:               -4.0448333153 H         -110.0655 eV

>> Charges saved for restart in charges.bin
 TempProfile:         192   9.5004460357391702E-004
MD Temperature:                      0.0108714852 H         3432.9394 K
MD Kinetic Energy:                   0.0326144557 H            0.8875 eV
Total MD Energy:                    -4.0122188597 H         -109.1780 eV

--------------------------------------------------------------------------------

***  Geometry step: 191

 iSCC Total electronic   Diff electronic      SCC error    
    1   -0.40999758E+01    0.00000000E+00    0.23953507E-01
    2   -0.40999817E+01   -0.26454209E-01    0.17057121E-01
    3   -0.40999875E+01   -0.58281466E-05    0.62401940E-03
    4   -0.40999875E+01   -0.58048814E-05    0.18712413E-03
    5   -0.40999875E+01   -0.81502254E-08    0.87407832E-08

Total Energy:                       -4.0543437818 H         -110.3243 eV
Extrapolated to 0K:                 -4.0543437818 H         -110.3243 eV
Total Mermin free energy:           -4.0543437818 H         -110.3243 eV
Force related energy:               -4.0543437818 H         -110.3243 eV

 TempProfile:         193   9.5004460357391702E-004
MD Temperature:                      0.0139125814 H         4393.2405 K
MD Kinetic Energy:                   0.0417377441 H            1.1357 eV
Total MD Energy:                    -4.0126060377 H         -109.1886 eV

--------------------------------------------------------------------------------

***  Geometry step: 192

 iSCC Total electronic   Diff electronic      SCC error    
    1   -0.41310235E+01    0.00000000E+00    0.21512914E-01
    2   -0.41310277E+01   -0.31036052E-01    0.15576599E-01
    3   -0.41310323E+01   -0.42170275E-05    0.19565637E-03
    4   -0.41310323E+01   -0.45933916E-05    0.13155211E-03
    5   -0.41310323E+01   -0.36803360E-09    0.41559032E-08

Total Energy:                       -4.0605039852 H         -110.4919 eV
Extrapolated to 0K:                 -4.0605039852 H         -110.4919 eV
Total Mermin free energy:           -4.0605039852 H         -110.4919 eV
Force related energy:               -4.0605039852 H         -110.4919 eV

 TempProfile:         194   9.5004460357391702E-004
MD Temperature:                      0.0158522634 H         5005.7429 K
MD Kinetic Energy:                   0.0475567902 H            1.2941 eV
Total MD Energy:                    -4.0129471951 H         -109.1978 eV

--------------------------------------------------------------------------------

***  Geometry step: 193

 iSCC Total electronic   Diff electronic      SCC error    
    1   -0.41641952E+01    0.00000000E+00    0.17237930E-01
    2   -0.41641976E+01   -0.33162832E-01    0.12679986E-01
    3   -0.41642006E+01   -0.24652386E-05    0.18575269E-03
    4   -0.41642006E+01   -0.29529971E-05    0.12271220E-03
    5   -0.41642006E+01   -0.22195312E-09    0.15451525E-08

Total Energy:                       -4.0624224813 H         -110.5441 eV
Extrapolated to 0K:                 -4.0624224813 H         -110.5441 eV
Total Mermin free energy:           -4.0624224813 H         -110.5441 eV
Force related energy:               -4.0624224813 H         -110.5441 eV

 TempProfile:         195   9.5004460357391702E-004
MD Temperature:                      0.0164113832 H         5182.2988 K
MD Kinetic Energy:                   0.0492341497 H            1.3397 eV
Total MD Energy:                    -4.0131883317 H         -109.2044 eV

--------------------------------------------------------------------------------

***  Geometry step: 194

 iSCC Total electronic   Diff electronic      SCC error    
    1   -0.41956668E+01    0.00000000E+00    0.13535433E-01
    2   -0.41956680E+01   -0.31466259E-01    0.10223858E-01
    3   -0.41956696E+01   -0.11775977E-05    0.34317317E-03
    4   -0.41956696E+01   -0.15481028E-05    0.14416839E-03
    5   -0.41956696E+01   -0.90503516E-09    0.49570037E-09

Total Energy:                       -4.0607646716 H         -110.4990 eV
Extrapolated to 0K:                 -4.0607646716 H         -110.4990 eV
Total Mermin free energy:           -4.0607646716 H         -110.4990 eV
Force related energy:               -4.0607646716 H         -110.4990 eV

 TempProfile:         196   9.5004460357391702E-004
MD Temperature:                      0.0157042385 H         4959.0004 K
MD Kinetic Energy:                   0.0471127154 H            1.2820 eV
Total MD Energy:                    -4.0136519562 H         -109.2170 eV

--------------------------------------------------------------------------------

***  Geometry step: 195

 iSCC Total electronic   Diff electronic      SCC error    
    1   -0.42209230E+01    0.00000000E+00    0.10778600E-01
    2   -0.42209235E+01   -0.25253406E-01    0.82677372E-02
    3   -0.42209241E+01   -0.48120913E-06    0.21246393E-03
    4   -0.42209241E+01   -0.68858514E-06    0.97539801E-04
    5   -0.42209241E+01   -0.33311043E-09    0.10418333E-09

Total Energy:                       -4.0534563289 H         -110.3002 eV
Extrapolated to 0K:                 -4.0534563289 H         -110.3002 eV
Total Mermin free energy:           -4.0534563289 H         -110.3002 eV
Force related energy:               -4.0534563289 H         -110.3002 eV

 TempProfile:         197   9.5004460357391702E-004
MD Temperature:                      0.0130605548 H         4124.1921 K
MD Kinetic Energy:                   0.0391816645 H            1.0662 eV
Total MD Energy:                    -4.0142746644 H         -109.2340 eV

--------------------------------------------------------------------------------

***  Geometry step: 196

 iSCC Total electronic   Diff electronic      SCC error    
    1   -0.42346721E+01    0.00000000E+00    0.75758782E-02
    2   -0.42346723E+01   -0.13747924E-01    0.58691900E-02
    3   -0.42346726E+01   -0.22207604E-06    0.54239094E-04
    4   -0.42346726E+01   -0.33125513E-06    0.35213084E-04
    5   -0.42346726E+01   -0.14405366E-10    0.77217122E-11

Total Energy:                       -4.0379708532 H         -109.8788 eV
Extrapolated to 0K:                 -4.0379708532 H         -109.8788 eV
Total Mermin free energy:           -4.0379708532 H         -109.8788 eV
Force related energy:               -4.0379708532 H         -109.8788 eV

 TempProfile:         198   9.5004460357391702E-004
MD Temperature:                      0.0081127239 H         2561.7925 K
MD Kinetic Energy:                   0.0243381717 H            0.6623 eV
Total MD Energy:                    -4.0136326815 H         -109.2165 eV

--------------------------------------------------------------------------------

***  Geometry step: 197

 iSCC Total electronic   Diff electronic      SCC error    
    1   -0.42307360E+01    0.00000000E+00    0.47292688E-02
    2   -0.42307361E+01    0.39366665E-02    0.36811664E-02
    3   -0.42307363E+01   -0.13449694E-06    0.21583591E-03
    4   -0.42307363E+01   -0.19410129E-06    0.15152935E-04
    5   -0.42307363E+01   -0.29971403E-09    0.65403238E-12

Total Energy:                       -4.0280462479 H         -109.6087 eV
Extrapolated to 0K:                 -4.0280462479 H         -109.6087 eV
Total Mermin free energy:           -4.0280462479 H         -109.6087 eV
Force related energy:               -4.0280462479 H         -109.6087 eV

 TempProfile:         199   9.5004460357391702E-004
MD Temperature:                      0.0052377269 H         1653.9414 K
MD Kinetic Energy:                   0.0157131808 H            0.4276 eV
Total MD Energy:                    -4.0123330671 H         -109.1811 eV

--------------------------------------------------------------------------------

***  Geometry step: 198

 iSCC Total electronic   Diff electronic      SCC error    
    1   -0.42071926E+01    0.00000000E+00    0.30542974E-02
    2   -0.42071927E+01    0.23543633E-01    0.23126755E-02
    3   -0.42071928E+01   -0.61738642E-07    0.15825762E-03
    4   -0.42071928E+01   -0.83995999E-07    0.23887516E-05

Total Energy:                       -4.0411270583 H         -109.9647 eV
Extrapolated to 0K:                 -4.0411270583 H         -109.9647 eV
Total Mermin free energy:           -4.0411270583 H         -109.9647 eV
Force related energy:               -4.0411270583 H         -109.9647 eV

 TempProfile:         200   9.5004460357391702E-004
MD Temperature:                      0.0091980558 H         2904.5128 K
MD Kinetic Energy:                   0.0275941675 H            0.7509 eV
Total MD Energy:                    -4.0135328908 H         -109.2138 eV

--------------------------------------------------------------------------------

***  Geometry step: 199

 iSCC Total electronic   Diff electronic      SCC error    
    1   -0.41713996E+01    0.00000000E+00    0.30854521E-02
    2   -0.41713996E+01    0.35793204E-01    0.23080419E-02
    3   -0.41713997E+01   -0.44158416E-07    0.43985031E-04
    4   -0.41713997E+01   -0.55217116E-07    0.56088129E-05

Total Energy:                       -4.0623936796 H         -110.5434 eV
Extrapolated to 0K:                 -4.0623936796 H         -110.5434 eV
Total Mermin free energy:           -4.0623936796 H         -110.5434 eV
Force related energy:               -4.0623936796 H         -110.5434 eV

 TempProfile:         201   9.5004460357391702E-004
MD Temperature:                      0.0157932989 H         4987.1234 K
MD Kinetic Energy:                   0.0473798967 H            1.2893 eV
Total MD Energy:                    -4.0150137829 H         -109.2541 eV

--------------------------------------------------------------------------------

***  Geometry step: 200

 iSCC Total electronic   Diff electronic      SCC error    
    1   -0.41339249E+01    0.00000000E+00    0.78979425E-02
    2   -0.41339253E+01    0.37474741E-01    0.58777096E-02
    3   -0.41339257E+01   -0.34469035E-06    0.21670129E-03
    4   -0.41339257E+01   -0.43553659E-06    0.48860043E-04
    5   -0.41339257E+01   -0.96266195E-09    0.15410584E-09

Total Energy:                       -4.0709809583 H         -110.7770 eV
Extrapolated to 0K:                 -4.0709809583 H         -110.7770 eV
Total Mermin free energy:           -4.0709809583 H         -110.7770 eV
Force related energy:               -4.0709809583 H         -110.7770 eV

>> Charges saved for restart in charges.bin
 TempProfile:         202   9.5004460357391702E-004
MD Temperature:                      0.0186381601 H         5885.4585 K
MD Kinetic Energy:                   0.0559144804 H            1.5215 eV
Total MD Energy:                    -4.0150664778 H         -109.2555 eV

Molecular dynamics completed
MD information accumulated in md.out

--------------------------------------------------------------------------------
DFTB+ running times                          cpu [s]             wall clock [s]
--------------------------------------------------------------------------------
Global initialisation                  +       0.01 (  0.9%)       0.00 (  1.8%)
Pre-SCC initialisation                 +       0.03 (  2.0%)       0.01 (  3.2%)
SCC                                    +       1.38 ( 87.4%)       0.24 ( 84.8%)
Post-SCC processing                    +       0.15 (  9.6%)       0.03 (  9.4%)
--------------------------------------------------------------------------------
Missing                                +       0.00 (  0.1%)       0.00 (  0.7%)
Total                                  =       1.58 (100.0%)       0.28 (100.0%)
--------------------------------------------------------------------------------
